image_id,number of masks,average area,average std,ratio of mean/std
00071198d059ba7f5914a526d124d28e6d010c92466da21d4a04cd5413362552,27,211.66666666666666,132.2945647101643,1.5999649504149593
003cee89357d9fe13516167fd67b609a164651b21934585648c740d2c3d86dc1,36,131.58333333333334,37.694219273870985,3.4908093566629392
00ae65c1c6631ae6f2be1a449902976e6eb8483bf6b0740d00530220832c6d3e,70,419.64285714285717,208.12880872288721,2.0162651183075284
0121d6759c5adb290c8e828fc882f37dfaf3663ec885c663859948c154a443ed,86,168.90697674418604,151.9112828538479,1.111879075543648
01d44a26f6680c42ba94c9bc6339228579a95d0e2695b149b7cc0c9592b21baf,7,813.5714285714286,402.3583538314561,2.0220070512372796
0280fa8f60f6bcae0f97d93c28f60be194f9309ff610dc5845e60455b0f87c21,16,188.1875,108.79120986435439,1.7298042758660406
0287e7ee5b007c91ae2bd7628d09735e70496bc6127ecb7f3dd043e04ce37426,62,261.8709677419355,144.1054143585541,1.8172181032030101
02903040e19ddf92f452907644ad3822918f54af41dd85e5a3fe3e1b6d6f9339,23,1390.4347826086957,778.6857280944581,1.7856173966502051
03398329ced0c23b9ac3fac84dd53a87d9ffe4d9d10f1b5fe8df8fac12380776,16,78.125,28.372246562441966,2.753571164273566
03b9306f44e9b8951461623dcbd615550cdcf36ea93b203f2c8fa58ed1dffcbe,22,1563.909090909091,744.0880879604431,2.101779501934764
03f583ec5018739f4abb9b3b4a580ac43bd933c4337ad8877aa18b1dfb59fc9a,17,2092.176470588235,999.5852807859937,2.093044496356644
0402a81e75262469925ea893b6706183832e85324f7b1e08e634129f5d522cdd,125,137.272,78.9711214052327,1.7382556757121628
04acab7636c4cf61d288a5962f15fa456b7bde31a021e5deedfbf51288e4001e,82,136.03658536585365,50.79524779048107,2.678136071448531
05040e2e959c3f5632558fc9683fec88f0010026c555b499066346f67fdd0e13,24,221.20833333333334,119.4082559843423,1.8525380134715292
0532c64c2fd0c4d3188cc751cdfd566b1cfba3d269358717295bab1504c7c275,24,1448.125,857.8498466369275,1.688086797097602
05a8f65ebd0b30d3b210f30b4d640c847c2e710d0d135e0aeeaccbe1988e3b6e,26,94.3076923076923,33.880751547800514,2.7835183105262202
06350c7cc618be442c15706db7a68e91f313758d224de4608f9b960106d4f9ca,19,233.42105263157896,98.57794980808666,2.367883011221143
06c779330d6d3447be21df2b9f05d1088f5b3b50dc48724fc130b1fd2896a68c,30,1294.4,864.2021985623504,1.497797624390806
072ff14c1d3245bf49ad6f1d4c71cdb18f1cb78a8e06fd2f53767e28f727cb81,7,167.28571428571428,73.66665127589337,2.2708472746942516
07761fa39f60dc37022dbbe8d8694595fd5b77ceb2af2a2724768c8e524d6770,5,93.6,27.7459907013608,3.3734603679301816
077f026f4ab0f0bcc0856644d99cbf639e443ec4f067d7b708bc6cecac609424,6,165.33333333333334,29.403325586667158,5.622946725737146
07fb37aafa6626608af90c1e18f6a743f29b6b233d2e427dcd1102df6a916cf5,313,349.39297124600637,127.38165170154308,2.7428830336149104
08151b19806eebd58e5acec7e138dbfbb1761f41a1ab9620466584ecc7d5fada,25,1212.28,979.7358631794592,1.237353908905492
08275a5b1c2dfcd739e8c4888a5ee2d29f83eccfa75185404ced1dc0866ea992,98,250.75510204081633,170.65629984870412,1.469357429307468
08ae2741df2f5ac815c0f272a8c532b5167ee853be9b939b9b8b7fa93560868a,7,151.85714285714286,49.22086831366367,3.0852186899552816
091944f1d2611c916b98c020bd066667e33f4639159b2a92407fe5a40788856d,44,303.5681818181818,195.33228073386698,1.5541116945835607
094afe36759e7daffe12188ab5987581d405b06720f1d5acf3f2614f404df380,65,62.276923076923076,32.2755004452926,1.9295416714756533
0a7d30b252359a10fd298b638b90cb9ada3acced4e0c0e5a3692013f432ee4e9,27,335.18518518518516,164.48123545729555,2.0378323658215085
0acd2c223d300ea55d0546797713851e818e5c697d073b7f4091b96ce0f3d2fe,9,211.33333333333334,106.15292951418931,1.9908384469510538
0b0d577159f0d6c266f360f7b8dfde46e16fa665138bf577ec3c6f9c70c0cd1e,7,441.14285714285717,294.43040825655635,1.4982924479677409
0b2e702f90aee4fff2bc6e4326308d50cf04701082e718d4f831c8959fbcda93,5,189.0,21.203773249117717,8.913507882747437
0bda515e370294ed94efd36bd53782288acacb040c171df2ed97fd691fc9d8fe,53,70.86792452830188,32.046568553743406,2.2114044569063136
0bf33d3db4282d918ec3da7112d0bf0427d4eafe74b3ee0bb419770eefe8d7d6,29,348.9655172413793,216.13269914227595,1.6145891788991267
0bf4b144167694b6846d584cf52c458f34f28fcae75328a2a096c8214e01c0d0,57,319.719298245614,166.36661633599,1.92177556583778
0c2550a23b8a0f29a7575de8c61690d3c31bc897dd5ba66caec201d201a278c2,73,319.1506849315069,162.71133117902826,1.9614533457436427
0c6507d493bf79b2ba248c5cca3d14df8b67328b89efa5f4a32f97a06a88c92c,28,195.60714285714286,129.4519600043954,1.5110404110567444
0d2bf916cc8de90d02f4cd4c23ea79b227dbc45d845b4124ffea380c92d34c8c,19,1893.421052631579,1261.0744089148525,1.5014348394087682
0d3640c1f1b80f24e94cc9a5f3e1d9e8db7bf6af7d4aba920265f46cadc25e37,21,1445.7619047619048,972.5444244847489,1.486576724274436
0ddd8deaf1696db68b00c600601c6a74a0502caaf274222c8367bdc31458ae7e,32,375.5,190.90557220783265,1.9669410151695594
0e21d7b3eea8cdbbed60d51d72f4f8c1974c5d76a8a3893a7d5835c85284132e,29,290.2068965517241,167.80456187756138,1.7294338920504058
0e4c2e2780de7ec4312f0efcd86b07c3738d21df30bb4643659962b4da5505a3,62,382.48387096774195,196.39498892624067,1.947523575112143
0e5edb072788c7b1da8829b02a49ba25668b09f7201cf2b70b111fc3b853d14f,28,251.21428571428572,100.55785724179502,2.498206431648915
0ea221716cf13710214dcd331a61cea48308c3940df1d28cfc7fd817c83714e1,369,327.11653116531164,123.48345060067372,2.6490718357325114
1023509cf8d4c155467800f89508690be9513431992f470594281cd37dbd020d,23,1856.5652173913043,1055.9304088600666,1.7582268697002161
10328b822b836e67b547b4144e0b7eb43747c114ce4cacd8b540648892945b00,23,172.7391304347826,88.47658368242652,1.9523711613324028
10ba6cbee4873b32d5626a118a339832ba2b15d8643f66dddcd7cb2ec80fbc28,67,625.5970149253732,266.0003400122107,2.35186547091126
11a0170f44e3ab4a8d669ae8ea9546d3a32ebfe6486d9066e5648d30b4e1cb69,12,144.83333333333334,34.8157850534623,4.159990450048181
12aeefb1b522b283819b12e4cfaf6b13c1264c0aadac3412b4edd2ace304cb40,124,410.96774193548384,158.07613189709033,2.5998089465083147
12f89395ad5d21491ab9cec137e247652451d283064773507d7dc362243c5b8e,78,79.01282051282051,42.95181963541737,1.839568641875834
136000dc18fa6def2d6c98d4d0b2084d13c22eaffe82e26c665bcaa2a9e51261,34,277.5,150.68105193342893,1.8416383243899825
139946af9e2c7ef4f0298e622b831dbef5e5c0cd088eb5bc3382f8df9355443d,10,130.0,26.336286754210434,4.936155245166316
13c8ff1f49886e91c98ce795c93648ad8634c782ff57eb928ce29496b0425057,17,156.76470588235293,115.75965436133036,1.3542257598060032
13f2bec0a24c70345372febb14c4352877b1b6c1b01896246048e83c345c0914,17,2852.8823529411766,1965.4261888471488,1.451533702527175
1400420310c9094361a8a243545187f1d4c2365e081b3bb08c5fa29c7491a55b,25,1289.64,809.7155984665233,1.5927073684172317
14cc1424c59808274e123db51292e9dbb5b037ef3e7c767a8c45c9ac733b91bf,21,1784.3333333333333,813.1114451428059,2.194451134579655
15039b3acccc4257a1a442646a89b6e596b5eb4531637e6d8fa1c43203722c99,33,288.969696969697,223.0729578776231,1.2954044260632638
150b0ffa318c87b31d78af0e87d60390dbcd84b5f228a8c1fb3225cbe5df3e3f,198,440.35858585858585,148.01292498169397,2.9751360289180746
1609b1b8480ee52652a644403b3f7d5511410a016750aa3b9a4c8ddb3e893e8e,19,1476.842105263158,860.1318297464269,1.7169950630690434
1631352dbafb8a90f11219fffd3bea368a30bc3bad3bbe0e84e19bd720df4945,32,454.5625,554.327122368868,0.8200257242645232
16c3d5935ba94b720becc24b7a05741c26149e221e3401924080f41e2f891368,11,215.27272727272728,135.89641169193467,1.5840942714567903
1740b0a67ca337ea31648b57c81bcfbb841c7bb5cad185199a9f4da596d531b9,9,184.77777777777777,50.65740656119471,3.647596478405663
175dbb364bfefc9537931144861c9b6e08934df3992782c669c6fe4234319dfc,179,601.1005586592179,214.44388504242815,2.803066912074872
1815cf307859b3e13669041d181aa3b3dbbac1a95aef4c42164b223110c09168,9,104.55555555555556,44.073451598467635,2.372302412529696
193ffaa5272d5c421ae02130a64d98ad120ec70e4ed97a72cdcd4801ce93b066,157,443.4331210191083,148.20915131519828,2.991941570976636
19f0653c33982a416feed56e5d1ce6849fd83314fd19dfa1c5b23c6b66e9868a,70,248.5,202.8141126394174,1.2252599031005669
1a11552569160f0b1ea10bedbd628ce6c14f29edec5092034c2309c556df833e,46,244.41304347826087,149.3271250130072,1.6367625336453187
1a75de9e11303142864efed27e69ea1960dbd82ca910de221a777ed2caf35a6b,20,1630.15,1001.1573939695995,1.628265455381035
1a75e9f15481d11084fe66bc2a5afac6dc5bec20ed56a7351a6d65ef0fe8762b,8,93.625,57.76230929421018,1.6208666368085205
1b2bf5933b0fb82918d278983bee66e9532b53807c3638efd9af66d20a2bae88,11,165.0909090909091,72.66793033500785,2.2718537369898972
1b44d22643830cd4f23c9deadb0bd499fb392fb2cd9526d81547d93077d983df,96,287.875,223.27329339100694,1.2893391575313016
1b518cd2ea84a389c267662840f3d902d0129fab27696215db2488de6d4316c5,76,759.578947368421,260.72011930309156,2.9133883085002643
1b6044e4858a9b7cee9b0028d8e54fbc8fb72e6c4424ab5b9f3859bfc72b33c5,39,145.51282051282053,41.19987042229548,3.5318756836204916
1bd0f2b3000b7c7723f25335fabfcdddcdf4595dd7de1b142d52bb7a186885f0,23,1860.7391304347825,1080.481221992083,1.7221392584723854
1c2f9e121fc207efff79d46390df1a740566b683ff56a96d8cabe830a398dd2e,12,202.16666666666666,86.3257718696386,2.3419039562363895
1c681dfa5cf7e413305d2e90ee47553a46e29cce4f6ed034c8297e511714f867,66,86.51515151515152,62.69218752358378,1.3799989270211048
1c8b905c9519061d6d091e702b45274f4485c80dcf7fb1491e6b2723f5002180,136,645.3382352941177,184.3921739992778,3.499813583718826
1d02c4b5921e916b9ddfb2f741fd6cf8d0e571ad51eb20e021c826b5fb87350e,17,371.05882352941177,232.90050149927959,1.5932074904980809
1d4a5e729bb96b08370789cad0791f6e52ce0ffe1fcc97a04046420b43c851dd,27,125.77777777777777,36.24130376746168,3.4705643755207314
1d5f4717e179a03675a5aac3fc1c862fb442ddc3e373923016fd6b1430da889b,7,161.42857142857142,119.84258382544655,1.3470050984856585
1db1cddf28e305c9478519cfac144eee2242183fe59061f1f15487e925e8f5b5,9,160.44444444444446,57.137477700933665,2.8080421275197924
1e488c42eb1a54a3e8412b1f12cde530f950f238d71078f2ede6a85a02168e1f,10,1580.8,1157.2354816544469,1.3660141129962609
1e61ecf354cb93a62a9561db87a53985fb54e001444f98112ed0fc623fad793e,6,159.16666666666666,35.12556840188576,4.531362022261869
1e8408fbb1619e7a0bcdd0bcd21fae57e7cb1f297d4c79787a9d0f5695d77073,14,143.0,61.91238048357418,2.309715744784502
1ec74a26e772966df764e063f1391109a60d803cff9d15680093641ed691bf72,26,284.38461538461536,201.5434820278964,1.4110335522795652
1ee4a111f0e0bb9b001121b94ff98ca736fad03797b25285fe33a47046b3e4b0,10,187.7,94.48285558766733,1.986603800578823
1f0008060150b5b93084ae2e4dabd160ab80a95ce8071a321b80ec4e33b58aca,27,1532.1851851851852,1050.5610859612482,1.4584446403544997
1f6b7cead15344593b32d5f2345fc26713dc74d9b31306c824209d67da401fd8,146,632.3013698630137,260.8201335267621,2.4242812903787385
1f9e429c12f4477221b5b855a5f494fda2ef6d064ff75b061ffaf093e91758c5,77,69.14285714285714,30.52472461163172,2.2651427006325764
20468e8779c43e089dc0ff30f25e6cf3872d5aa6a0fdad6f8aca382da43e8582,20,70.65,42.28743903335835,1.670708882234933
20b20ab049372d184c705acebe7af026d3580f5fd5a72ed796e3622e1685af2f,289,124.159169550173,50.23118450612336,2.471754762920981
20c37b1ad2f510ed7396969e855fe93d0d05611738f6e706e8ca1d1aed3ded45,24,1303.7916666666667,495.7113557947699,2.630142826920534
20e209f6ffa120a72712e1b4c1d3e24d1339227e2936abd4bbd49a636fada423,31,1325.5483870967741,759.8074815037105,1.7445845419597923
212b858a66f0d23768b8e3e1357704fc2f4cf4bbe7eed8cd59b5d01031d553e6,100,502.74,223.07996862112026,2.2536313014005094
21408476af0506331e8b5d49b385833e5ef1fbb90815fbf9af9d19b4bb145f76,8,138.25,84.30265416936764,1.6399246424940528
220b37f4ca7cab486d2b71cd87a46ee7411a5aa142799d96ed98015ab5ba538a,1,209.0,0.0,inf
2227fd9b01d67c2bcdb407d3205214e6dfeff9fd0725828e3b3651959942ff4a,60,82.36666666666666,51.65364351997726,1.594595483565666
2246874c8b5ba218d01ad8153a201ad4660195f3e4c65da6b9d4ccaf82cb7edf,83,208.9156626506024,128.5057032928024,1.6257306664015103
2255d5aba044256bb92f6b7cbed0fca46d972c7b6b1a59dcbe7f682c5777d074,15,606.0,332.3359745799422,1.8234559191672128
2349e95ece2857c89db7e4a8be8c88af0b45f3c4262608120cb3bd6ef51fd241,9,163.33333333333334,61.24812922313084,2.666748117943319
237802ac5005f9cf782367156c46c383efd9e05088e5768ca883cbbe24abadb1,8,127.625,19.678271646666534,6.48557974458186
23830d0e51245fc0c9e410efa4c17d2a7d83a0104a3777130119ab892de47a4e,40,220.45,104.23266042848564,2.114980075283135
243443ae303cc09cfbea85bfd22b0c4f026342f3dfc3aa1076f27867910d025b,62,105.29032258064517,67.12635824222616,1.5685391750391693
245b995878370ef4ea977568b2b67f93d4ecaa9308761b9d3e148e0803780183,54,444.1296296296296,233.76729853173603,1.8998792064551107
24a20f2a529cede5695df2422a3986505b5826bb10b10781d6db2074cf3de7b3,34,144.35294117647058,75.55087197415635,1.9106720730615698
27c30f9011492f234e4587c9a4b53c787037d486f658821196fe354240ac3c47,39,127.25641025641026,40.54103204682181,3.138953396880444
2817299fd3b88670e86a9db5651ba24333c299d1d41e5491aabfcd95aee84174,16,161.3125,69.96223869881524,2.3057080933965555
2869fad54664677e81bacbf00c2256e89a7b90b69d9688c9342e2c736ff5421c,22,1208.7727272727273,1060.9049281292482,1.1393789351174213
28d33efef218392e79e385906deb88055d94b65ad217de78c07e85476f80f45a,39,1052.2820512820513,814.4400923559804,1.2920312508659182
295ac4ecf2ee0211c065cf5dbb93b1eb8e61347153447209cd110e9c3e355e81,18,1838.1666666666667,828.1307096239229,2.219657652233944
29780b28e6a75fac7b96f164a1580666513199794f1b19a5df8587fe0cb59b67,28,150.21428571428572,89.11203107118956,1.6856790705879319
29dd28df98ee51b4ab1a87f5509538ecc3e4697fc57c40c6165658f61b0d8e3a,56,292.625,124.51442293106909,2.350129351376399
29ea4f6eb4545f43868a9b40a60000426bf8dfd9d062546656a37bd2a2aaf9ec,13,1591.7692307692307,650.9028231672534,2.445479070168691
2a1a294e21d76efd0399e4eb321b45f44f7510911acd92c988480195c5b4c812,57,274.03508771929825,166.88623763723479,1.6420472508642436
2a2032c4ed78f3fc64de7e5efd0bec26a81680b07404eaa54a1744b7ab3f8365,22,1173.5454545454545,1051.5774612575115,1.115985743115956
2ab91a4408860ae8339689ed9f87aa9359de1bdd4ca5c2eab7fff7724dbd6707,55,75.23636363636363,31.256105519264633,2.4070933466100524
2abc40c118bc7303592c8bb95a80361e27560854b8971ab34dcf91966575b1f2,18,615.5555555555555,214.4261650240324,2.870711023006756
2ad489c11ed8b77a9d8a2339ac64ffc38e79281c03a2507db4688fd3186c0fe5,9,151.44444444444446,67.86933706454076,2.231411871614827
2b50b1e3fa5c5aa39bc84ebfaea9961b7199c4d2488ae0b48d0b3459807d59d2,11,160.27272727272728,72.35906792340406,2.2149639550689697
2bf594e9d06f78b4b79d7ffb395497a0a91126b6b0d710d7a9cee21f5c3bd177,23,415.95652173913044,213.69675350240328,1.9464803040840417
2c61fdcb36fd1b2944895af6204279e9f6c164ba894198b40c8b7a3c9bf500ea,29,524.7241379310345,613.4841085849949,0.855318223549937
2c83c86dd4e5dacc024b55629375567fb8e320a82ef86f541cfe54764040fc25,24,559.875,184.8139407845992,3.0293980942299954
2c840a94d216f5ef4e499b53ae885e9b022cbf639e004ec788436093837823b2,20,1984.05,709.3780004341831,2.7968868484582816
2cfa61bef6542dd359717e9131ce6f076c415a3bd7f48cb093b0d7f3b2ca785d,107,657.803738317757,250.2640638770736,2.628438650468257
2cfa857e63be1b418c91ad5ea1f8d136fd1b80fc856e1d4277274c3dea28011c,11,123.81818181818181,62.60673530687512,1.977713439476931
2d53d7ec0c579fffd6710c956288537d46c719a93c6a04ac0d6550f75a6a6493,7,1704.2857142857142,550.4239182629316,3.0963147816399856
2dd3356f2dcf470aec4003800744dfec6490e75d88011e1d835f4f3d60f88e7a,117,236.46153846153845,126.60906507164839,1.8676509326383879
2dd9d8c797fc695665326fc8fd0eb5cd292139fa478ccb5acb7fb352f7030063,16,96.375,50.97533104355478,1.8906203849398142
2dec81a678ddcac2b110acffe82427d857695180bd841e3f9736a554acf832af,25,1652.44,658.6958679087033,2.508653963848809
2e172afb1f43b359f1f0208da9386aefe97c0c1afe202abfe6ec09cdca820990,41,128.46341463414635,43.43938729802803,2.957302637645123
2e2d29fc44444a85049b162eb359a523dec108ccd5bd75022b25547491abf0c7,23,898.9130434782609,640.4085593379791,1.4036555732601548
2f929b067a59f88530b6bfa6f6889bc3a38adf88d594895973d1c8b2549fd93d,52,476.03846153846155,216.73814061588962,2.196376051698775
30311520606ec99b6a810ae1a9a753df991777d374212423bb075c408a98ed74,46,86.5,33.89674218025653,2.5518676555997386
305a8baaf726d7c9e695bff31d3a6a61445999a4732f0a3e6174dc9dcbe43931,12,134.41666666666666,63.14593987123972,2.128666814378793
308084bdd358e0bd3dc7f2b409d6f34cc119bce30216f44667fc2be43ff31722,60,87.31666666666666,60.42667503309739,1.4450020064622267
309ba76b12ecb5ce28b99f3445b2b5dc54c0564c3c0e24c17e4c89a94a5d0535,9,179.77777777777777,59.149110593064854,3.0393995104104987
30f65741053db713b3f328d31d3234b6fedbe31df65c1a8ea29be28146cab789,28,371.64285714285717,164.8478116943266,2.2544603614877565
317832f90f02c5e916b2ac0f3bcb8da9928d8e400b747b2c68e544e56adacf6b,41,128.78048780487805,40.21922377094884,3.201963532123134
319b6cb8b0d24b38db5e3c6fbb13b062e2766d9af5ff9bccb8f439ac0d870e52,47,80.55319148936171,27.999854490988398,2.8769146466560147
33618678c167c5e07be02c49d0c43bcd90493ba5d83110a631409a4d3ccc1e51,19,1614.421052631579,653.4611747649647,2.4705692013182725
337b6eed0726f07531cd467cd62b6676c31a8c9e716bdbc49433986c022252cf,51,300.72549019607845,256.33794165250305,1.1731602752890482
33a5b0ff232b425796ee6a9dd5b516ff9aad54ca723b4ec490bf5cd9b2e2a731,23,894.7826086956521,512.1565620446238,1.747088048864422
33d0a9b24c25852ce35274b4b1777484ccd21f44dbe35491cc926e5948c1ce3e,14,212.42857142857142,99.09931114487,2.143592815877692
3441821ebea04face181c9e2f4d0d09727c764827ac51b9e7fbadbebabeab225,28,1359.892857142857,885.405489805406,1.535898379669787
3477024fd843e46097840360f9cdee24b76bf5c593ed27a9aee7a5728a06aa51,23,1933.4782608695652,733.0547680805788,2.637563174075192
34c9f4eb2af8b8f46b1d88b74bde16f4614cd08948c2f1d817eb629afc512e7a,13,165.69230769230768,66.21106648773895,2.50248661563231
351771edfc5db5665ded8aa4940257276b6526663c76e3b60b92a52584d8943c,106,591.6132075471698,232.45062655932946,2.5451134131323565
353ab00e964f71aa720385223a9078b770b7e3efaf5be0f66e670981f68fe606,50,323.94,167.79087102700194,1.9306175480063488
356d9903d16074f152fe8f2f0ef555d9959c53264228eae7373cad5cf35d4e85,54,78.87037037037037,27.05826791991292,2.914834408610741
3582166ee20755856adf4882a8bfacb616fce4247911605a109c4862de421bcd,44,90.02272727272727,35.74244270812785,2.5186506699570383
358e47eaa1e9222252793fe0fb8c77028d4e0d4360b95a07c9fe6df6a2066556,52,309.65384615384613,182.39706102298493,1.697690984806081
3594684b9ea0e16196f498815508f8d364d55fea2933a2e782122b6f00375d04,55,245.87272727272727,170.8374085652474,1.4392206562816239
35ca5f142a7d7a3e4b59f1a767a31f87cb00d66348226bc64094ee3d1e46531c,51,364.15686274509807,231.8085224497877,1.5709381988920554
371a67232f7c871ec11332292c83cd9bb16063b91d58e86f0b76ef8817bc9465,14,128.71428571428572,66.6552201057572,1.9310458432222373
37ed50eea5a1e0bade3e6753793b6caeb061cd4c2f365658c257f69cab1f6288,38,454.5,230.0817646425997,1.9753847103267967
3852c7e45bd885b9537e276861ab50b99bb42f0f8e717d2f88174c62862ca3ff,56,70.48214285714286,36.45152900547156,1.9335853606185662
3874755f6222e83006fdad4d664ec0d9697c13af4fbe24b2f9a059bb13075186,15,135.73333333333332,96.67986116847477,1.4039462996001182
3934a094e8537841e973342c7f8880606f7a2712b14930340d6f6c2afe178c25,65,207.16923076923078,125.53106501589026,1.6503423335331888
3a22fe593d9606d4f137461dd6802fd3918f9fbf36f4a65292be69670365e2ca,22,1552.2272727272727,1014.3248059588562,1.5303059371203382
3a3fee427e6ef7dfd0d82681e2bcee2d054f80287aea7dfa3fa4447666f929b9,56,294.25,139.9459398175902,2.1025976200776846
3a508d2dc03db46e7f97a2a30eabb62ab2886f3cedfea303de8f6a42e50d20eb,21,151.52380952380952,87.50870381070894,1.7315284414630616
3ab9cab6212fabd723a2c5a1949c2ded19980398b56e6080978e796f45cbbc90,23,89.56521739130434,27.180277515549875,3.295228216123399
3b0709483b1e86449cc355bb797e841117ba178c6ae1ed955384f4da6486aa20,17,288.05882352941177,154.08151799242896,1.8695222326636605
3b3f516ebc9a16cff287a5ffd3a1861a345a6d38bedbba74f1c0b0e0eac62afd,40,390.15,191.20742009660609,2.040454286778618
3b75fc03a1d12b29bd2870eb1f6fdb44174dbd1118dfc11c31f127bd87bd27ef,8,147.75,43.79711748505831,3.3735096847505077
3b957237bc1e09740b58a414282393d3a91dde996b061e7061f4198fb03dab2e,26,159.46153846153845,98.11031105900477,1.625329047888109
3bf7873f11823f4b64422f49c8248dd95c0d01f9ae9075ae3d233bbb21a3d875,66,69.1969696969697,25.788310540131032,2.683268824038991
3bfa8b3b01fd24a28477f103063d17368a7398b27331e020f3a0ef59bf68c940,82,252.78048780487805,182.73618358170324,1.3833083456723132
3bfd6bb152310f93daa6f4e1867c10572946e874b3a30c9ba8e0fcdeb590300b,32,295.25,156.42190543526823,1.8875233566451006
3ca8181367fc1258a418f7bf5044533c83e02a59c1a96def043295c429c297a8,20,2042.5,1186.8543929227376,1.72093561954989
3d0ca3498d97edebd28dbc7035eced40baa4af199af09cbb7251792accaa69fe,4,152.25,70.54918497048708,2.158068871577906
3ebd2ab34ba86e515feb79ffdeb7fc303a074a98ba39949b905dbde3ff4b7ec0,138,614.536231884058,196.3481512857647,3.1298294781989737
3f9fc8e63f87e8a56d3eaef7db26f1b6db874d19f12abd5a752821b78d47661e,156,617.4679487179487,259.94852596658916,2.3753469900318307
40946065f7e4b6038599fbfd419f2a67e7635b6f89db3ed6c0d67c8801521af1,15,731.4666666666667,588.5175575592929,1.2428969319117922
40b00d701695d8ea5d59f95ac39e18004040c96d17fbc1a539317c674eca084b,24,985.9583333333334,547.1197674463567,1.8020886686935569
40bcdad218ac5f0885fc247d88fcad9f729f55c81c79d241a8f1559b6d8c0574,12,197.33333333333334,83.31299751872787,2.368578003557907
4185b9369fc8bdcc7e7c68f2129b9a7442237cd0f836a4b6d13ef64bf0ef572a,48,130.66666666666666,62.04075721294474,2.1061423576468403
4193474b2f1c72f735b13633b219d9cabdd43c21d9c2bb4dfc4809f104ba4c06,12,938.1666666666666,439.9844378561082,2.1322723849916785
420f43d21dbaba42bf8c0995b3a2c85537876d594433770c6c6f3d6b779ec15f,49,321.7755102040816,218.68178962715575,1.4714325813443214
4217e25defac94ff465157d53f5a24b8a14045b763d8606ec4a97d71d99ee381,132,187.70454545454547,172.20867972688902,1.0899830702623805
431b9b0c520a28375b5a0c18d0a5039dd62cbca7c4a0bcc25af3b763d4a81bec,11,167.9090909090909,86.80956644544587,1.934223355609209
4327d27591871e9c8d317071a390d1b3dcedad05a9746175b005c41ea0d797b2,31,1126.483870967742,1047.993008809719,1.0748963604701627
43cf6b2ec0b0745ac2b87b4d8780f62e9050d3f5d50a1fcefa42d166191e84c6,23,1709.5217391304348,546.9455794854864,3.1255792225957615
442c4eb0185698fe7d148c108a46f74abd399aecda2f4f22981a1671cd95dd7d,16,749.1875,522.8741744853631,1.4328255946803738
449a9c32e53a37c8a86e01c199155c8da3958b631088e10f6fe43c2119defe51,58,1256.5862068965516,875.3091086420952,1.435591375081139
449f41710769584b5e4eca8ecb4c76d5272605f27da2949e6285de0860d2cbc0,34,1775.235294117647,611.6924957383085,2.9021694830095157
449fe932622db3b49366a260ddd20077219f96fb2dc0f912ad4f60b087876f3b,44,265.84090909090907,125.77702911787591,2.1135887129419144
44ab6a09eedee848b072ea3acd0f4e781f9c43b8d4e3d62598e1024584bf0b01,34,320.9117647058824,149.74397123228442,2.1430696813034342
4590d7d47f521df62f3bcb0bf74d1bca861d94ade614d8afc912d1009d607b94,81,401.6296296296296,189.07333768493012,2.124200241807235
4596961c789d3b41916492918797724fe75128239fefc516c3ee75322b7926f0,133,631.390977443609,206.33230495724467,3.0600684540137486
45c3bdef1819ba7029990e159f61543ed25781d13fb4dc5d4de52e803debd7d3,8,1523.25,1249.4499539797503,1.2191364649285403
45cc00f2ef95da6698bf590663e319d7c0ed4fb99d42dd3cf4060887da74fb81,16,2083.4375,1158.4286754452128,1.7985030448243036
45f059cf21d85ecfce0eb93260516f1e2443d210e9a52f9ae2271d604aa3fcc5,15,2097.4666666666667,1179.858289042469,1.777727618770976
4829177d0b36abdd92c4ef0c7834cbc49f95232076bdd7e828f1f7cbb5ed80ec,8,173.0,67.25882841679596,2.572153040310738
483b89aa683542f1c63e62f5f71ae8ae1f959caf1c379cd61230a71cd1036732,13,183.92307692307693,90.61962899815532,2.0296163089215575
4948e3dfe0483c2198b9616612071ead5474dffd223071cf0a567aea9aca0b9e,22,1623.5454545454545,929.0684350599763,1.7474982393957297
49edc2f7715100fb0390916e52b3fd11a921f02e59509dc987f67840a36250fc,70,730.9428571428572,286.98137748015665,2.547004490538409
4a424e0cb845cf6fd4d9fe62875552c7b89a4e0276cf16ebf46babe4656a794e,53,220.33962264150944,99.46326588361634,2.215286424430629
4ae4f936a9ade472764dad80f60f7168e4be067aa66ce9d06d60ebe34951dca4,30,360.46666666666664,177.25250037415236,2.0336337479346005
4b274461c6d001a7a9aeaf5952b40ac4934d1be96b9c176edfd628a8f77e6df2,16,132.125,78.91757963217067,1.6742150559587028
4bf6a5ec42032bb8dbbb10d25fdc5211b2fe1ce44b6e577ef89dbda17697d819,22,82.9090909090909,38.1907998094128,2.1709178996732215
4c032609d377bd980e01f888e0b298600bf8af0e33c4271a1f3aaf76964dce06,23,1494.4347826086957,790.1327255642318,1.8913718344491093
4c465a54e329ec7b0f4bc5f6acdfd3192707d6c0fbdf557339485581c5a6b3c1,79,254.58227848101265,153.81285748917657,1.655143026641495
4ca5081854df7bbcaa4934fcf34318f82733a0f8c05b942c2265eea75419d62f,37,187.94594594594594,106.05198774745463,1.7722057826347235
4cbd6c37f3a55a538d759d440344c287cac66260d3047a83f429e63e7a0f7f20,13,327.2307692307692,165.4853718128091,1.97739996983492
4d09672bcf5a2661eea00891bbb8191225a06619a849aece37ad10d9dedbde3e,36,1539.638888888889,842.7572852375633,1.8269066501808797
4d14a3629b6af6de86d850be236b833a7bfcbf6d8665fd73c6dc339e06c14607,98,299.0,185.85796639764837,1.6087553619320307
4d2cff9a0c8df3a7ef6100fda6f66e865a7670af6a18564767d8019b9ed2fd7b,119,624.563025210084,249.4764143600363,2.503495277548501
4d40de30a3db3bc4f241cb7f48e8497c11e8f20a99bf55788bdce17242029745,28,113.89285714285714,61.83985035425567,1.841738886663061
4d4ebfcae4374165ea6ae7c7e18fd0ba5014c3c860ee2489c59e25ddd45e7a32,49,294.7551020408163,114.48937756844518,2.574519211309389
4d4f254f3b8b4408d661df3735591554b2f6587ce1952928d619b48010d55467,15,1075.8,626.2723795069788,1.7177829251337944
4dbbb275960ab9e4ec2c66c8d3000f7c70c8dce5112df591b95db84e25efa6e9,183,415.1639344262295,158.20542573521703,2.624207940384264
4e07a653352b30bb95b60ebc6c57afbc7215716224af731c51ff8d430788cd40,136,141.11764705882354,124.98759107957652,1.1290532591269593
4e1c889de3764694d0dea41e5682fedb265eaf2cdbe72ff6c1f518747d709464,43,1520.093023255814,910.3791138210266,1.6697362672081824
4e23ecf65040f86420e0201134e538951acdeda84fbb274311f995682044dd64,27,291.2962962962963,114.31237735220192,2.548248081647348
4e92129f4e8066d6f560d6022cd343a2245939aa49d8b06cddbd9bfc7e7eeb0e,46,347.04347826086956,269.8248188959821,1.286180714141998
4ee5850b63549794eb3ecd3d5f5673164ac16936e36ecc3700da886e3b616149,48,1428.2916666666667,853.0828153998623,1.6742708221090927
4ff152d76db095f75c664dd48e41e8c9953fd0e784535883916383165e28a08e,6,188.66666666666666,60.61536292246564,3.112522264495786
50a7ea80dd73232a17f98b5c83f62ec89989e892fe25b79b36f99b3872a7d182,22,1302.909090909091,1015.2772531808473,1.2833037348439529
514ccfc78cb55988a238d3ac9dc83460aa88382c95d56bcc0559962d9fe481ef,21,1803.142857142857,988.5297541449787,1.8240653349908236
516a0e20327d6dfcedcf57e3056115e4fb29cdf4cb349003bdfc75c9b7f5c2cf,22,1677.5454545454545,1254.120688960731,1.337626808417943
52a4ac5a875be7a6c886035d54fb63f5f397dc43508c4831898f6b2f8debc7f3,8,196.0,78.75595215601167,2.4887007855829566
52a6b8ae4c8e0a8a07a31b8e3f401d8811bf1942969c198e51dfcbd98520aa60,25,1491.88,991.6236108524242,1.5044821277677556
538b7673d507014d83af238876e03617396b70fe27f525f8205a4a96900fbb8e,196,285.9795918367347,127.32911554369458,2.245987420988542
53ad09e4348767bece0165884bf40c10b72ae18444e3f414a850442f02385efc,123,695.959349593496,251.30447954020903,2.7693869638409754
5419302571113e9aa74c7c0a9575333ca539b871a16c86ee92b35170b4ddc52e,8,167.0,56.70537893357208,2.945046892211643
54793624413c7d0e048173f7aeee85de3277f7e8d47c82e0a854fe43e879cd12,73,278.64383561643837,193.03299241484734,1.4435036836480506
547ef286ee5f4e5dce533e982e6992ada67b7d727fdd3cfa6576f24c631a7ae6,257,426.0,138.34142616928787,3.079337923542189
5488e8df5440ee5161fdfae3aeccd2ee396636430065c90e3f1f73870a975991,36,1242.6944444444443,787.5673099785907,1.577889824398915
54cb3328e778d87f76062b0550e3bc190f46384acd8efbe58c297265d1906e84,36,118.25,73.02753476144004,1.6192522503503475
54fe2d3416951cbc48f8718624c86a7ae58b6022a7fa75591b13f625cf53658b,25,136.64,50.23375757396614,2.7200831990082754
55f98f43c152aa0dc8bea513f8ba558cc57494b81ae4ee816977816e79629c50,27,370.44444444444446,317.9067337412416,1.1652613962746874
55ff2b0ec48b76e10c7ee18add5794005cd551697f96af865c763d50da78dd9c,20,247.55,165.08133601349365,1.499563827008072
564fa390d9a9c26f986bf860d9091cbd84244bc1c8e3c9369f2f2e5b5fd99b92,65,80.53846153846153,33.54174295873813,2.4011412179008436
56d0da5b663ddd49955478c00ca03118c367ff7dd6a646b8c875b0acb207d1c5,24,1585.0,1056.3535156376392,1.5004446679417331
573a657d5e5fcb9574a758b0ab34b09c79d7ba374ceb71227c3dc88f009a3f6b,27,243.33333333333334,137.70284700787442,1.7670900683659687
573e1480b500c395f8d3f1800e1998bf553af0d3d43039333d33cf37d08f64e5,12,158.83333333333334,57.760761383101205,2.7498483318089098
57b49733c5a3c268b013553635a826e6a1b10e699bbd19c3b842375fe0adf344,18,1947.9444444444443,955.1093289497876,2.0394989195491906
57bd029b19c1b382bef9db3ac14f13ea85e36a6053b92e46caedee95c05847ab,9,1363.0,1006.0397606456715,1.3548172282229014
57d88f45e479ce3821839b2706d667758c63ac769d76800d815c73d2507c1e42,44,364.29545454545456,189.75864808960193,1.9197831467129671
58406ed8ef944831c413c3424dc2b07e59aef13eb1ff16acbb3402b38b5de0bd,18,1455.7777777777778,841.3362094216262,1.730316324764564
589f86dee5b480a88dd4f77eeaffe2c4d70aefdf879a4096dde1fa4d41055b8f,8,2014.75,1791.7636388486067,1.1244507681240172
58c593bcb98386e7fd42a1d34e291db93477624b164e83ab2afa3caa90d1d921,2,300.0,112.0,2.6785714285714284
58cc121d37fb7f1b4a5252024d88415936781e540252b8f734faeedd29b682d5,49,404.0816326530612,211.23966819170732,1.912906018609834
5908488d940e846cc121c768758da9b1bd5b9922417e20c9101a4e254fa98af8,46,135.17391304347825,45.61049857587904,2.9636578696590816
5953af5080d981b554529971903d8bee9871457a4361b51f04ba04f43793dd8f,31,398.38709677419354,191.79789050260354,2.0771192828566885
5afb7932e9c7328f4fb1d7a8166a3699d6cdc5192b93758a75e9956f1513c5a3,272,415.8897058823529,151.0458477725398,2.753400454335176
5afcbfd0dd64392aa1e233b996d0bfb4354ee7119f30ae111c33d0fe4df11590,27,1619.888888888889,782.0917504825375,2.0712261545904873
5b0bde771bc67c505d1b59405cbcad0a2766ec3ee4e35852e959552c1b454233,10,68.2,19.923855048659632,3.42303233151599
5b12df18e4ae4df5af06052584cf0e6bef58ee2a220653890636eef88a944e14,15,156.26666666666668,91.77978475072214,1.7026262056627577
5b2ccfb94dedf2ec8797c0404fc324888e35ab903c41bb26f070552033ca8e6c,36,297.1388888888889,129.1093749883274,2.3014509125751155
5ba4facefc949c920d7054813a3e846b000969da2ed860148bdfd18456f59bcc,31,1307.9354838709678,846.8758882098472,1.544424043806139
5bb8508ff8ec8683fc6a8aa6bd470f6feb3af4eccdca07f51a1ebc9dad67cfb8,32,1759.75,778.13378509097,2.261500571902647
5bda829acd824821bc1f3f6573cf065d364653d5322f033a4af943f7a6170566,20,1625.25,1083.3664603909426,1.5001848953432746
5c235b945b25b9905b9b0429ce59f1db51d0d0c7d48c2c21ab9f3ca54b0715e6,29,1310.103448275862,736.803924922508,1.7780896707541967
5c6eb9a47852754d4e45eceb9a696c64c7cfe304afc5ea491cdfef11d55c17f3,60,387.6166666666667,249.96413687211654,1.5506891169150963
5cc036b65f7f2d5480e2be111a561f3713ac021683a9a9138dc49492a29ce856,16,360.375,248.13803492209735,1.4523166515489627
5d21acedb3015c1208b31778561f8b1079cca7487399300390c3947f691e3974,37,1522.1081081081081,818.2247356578549,1.8602567751564356
5d2c98fd6fda3c7d739461c3b3d4a0c7f8456121a14519dc5955a1775227b053,40,142.825,50.767059940477154,2.813339991865946
5d58600efa0c2667ec85595bf456a54e2bd6e6e9a5c0dff42d807bc9fe2b822e,83,264.7469879518072,197.348193502954,1.3415222265403934
5d75a63972ef643efd7c42f20668b167f2af43635d6263962d84e62e7609ab51,88,254.26136363636363,154.4706867100873,1.6460169178477522
5ddbfba2519484316e4b7ccabfa605e6e6fd96c3d87ac8cdfd2c134571a15311,23,95.6086956521739,42.33278011437142,2.2585026401258257
5e263abff938acba1c0cff698261c7c00c23d7376e3ceacc3d5d4a655216b16d,78,245.82051282051282,198.10808650380366,1.2408403773855696
5ef4442e5b8b0b4cf824b61be4050dfd793d846e0a6800afa4425a2f66e91456,54,189.77777777777777,109.57893597711443,1.7318819176836402
5f9d29d6388c700f35a3c29fa1b1ce0c1cba6667d05fdb70bd1e89004dcf71ed,148,619.7297297297297,202.43629610573305,3.0613567905137087
602f267432e7a573e1092f1cf48135c82d0fbc8722bc028b9330ec801a40bb18,19,506.42105263157896,175.24638769142138,2.8897659991902316
6034456567632f4b48dc3dfbb98534b5953c151990f4235df6c912c0a9c08397,19,141.10526315789474,55.297182508259866,2.55176225546062
608ff81c8a0c8b622f6648a9c7f935d85f0c503f515ef2ac3728387be1953ee8,15,118.13333333333334,93.14423701383188,1.2682838694120238
60cb718759bff13f81c4055a7679e81326f78b6a193a2d856546097c949b20ff,27,201.40740740740742,104.42621327619034,1.928705457074438
610f32e2d9d270d740aec501dcf0c89595e4e623468ad43272adab90520a8f96,55,464.6727272727273,291.9861799061701,1.5914202768845092
615985773f1469fbc00915b3e82d1d4942051c09ddea2667e37ad361ed2e9d59,35,285.8857142857143,181.55987149911596,1.5746084854830178
619429303c1af7540916509fe7900cf483eba4391b06aac87ff7f66ca1ab6483,24,374.1666666666667,160.03845024104535,2.3379798173695603
61a15ccbfebb9d2fc54c068472a75d7babfb3f48fea008470e7db807585f9510,42,156.02380952380952,89.67334585547759,1.7399128808605615
61dc249314d7b965eb4561ec739eab9b0f60af55c97b25ced8cb2a42a0be128e,101,643.2079207920792,241.66867576943466,2.661527890382183
62057502c387145ed4f8f7f0d5e5bedcb72d3bcec15fa71cb0310dee32871461,101,589.3267326732673,214.92734710336174,2.741981142073332
623cf6987b3fac8f384c09f40d98c5e739c097aa9a9627054542aa27f7d38db1,23,258.8695652173913,97.9686304486537,2.6423719922579436
62570c4ff1c5ab6d9d383aba9f25e604768520b4266afd40fdf4734a694c8bc3,10,157.9,54.568214191047154,2.893625938484646
63d981a107091e1e3059102ce08870744dde173afe324bc2274c17d42f661778,32,1227.25,1100.921971576551,1.1147474859117796
648636ee314d7bdba3ab2fc0fe49a863de35c3e2caf619039f678df67b526868,86,83.84883720930233,35.27484031307632,2.3770153589673297
64eeef16fdc4e26523d27bfa71a1d38d2cb2e4fa116c0d0ea56b1322f806f0b9,90,86.27777777777777,27.479296359169417,3.139737519115485
65c8527c16a016191118e8adc3d307fe3a73d37cbe05597a95aebd75daf8d051,111,161.83783783783784,81.58017562364348,1.9837887893800288
66236902b874b7e4b3891db63a69f6d56f6edcec6aca7ba3c6871d73e7b4c34f,25,1948.84,1016.8143854214494,1.9166133248520518
66612c188d73e931e1863af2c99d2af782c32f65fd97d224abb40bbadb87263f,15,232.33333333333334,105.76745981423376,2.1966428402591442
670ebd9d674be236b9bf0b28650ad3f68e1891b06e16a9021fd069ca7ef32b78,20,1681.55,841.6788862149269,1.9978521827510922
673baf65ae5c571d6be452eb41e79ef3fc2eb3fd238e621c6b7621763b429989,18,184.33333333333334,72.97640410129534,2.5259306155653865
68f833de9f8c631cedd7031b8ed9b908c42cbbc1e14254722728a8b7d596fd4c,32,66.15625,23.832893989977382,2.775837883046061
693bc64581275f04fc456da74f031d583733360a1f6032fa38b3fbf592ff4352,57,323.280701754386,191.9600428438959,1.684104134198811
6aa7dd0c88bec4f96cdd497f9c37779733033d9ec6513307461302d36bd32ac7,10,193.2,103.32937626831975,1.8697490198557805
6ab24e7e1f6c9fdd371c5edae1bbb20abeeb976811f8ab2375880b4483860f4d,20,1645.25,1120.6065266185094,1.4681781347148053
6af82abb29539000be4696884fc822d3cafcb2105906dc7582c92dccad8948c5,45,102.37777777777778,34.843962581702186,2.93817838707989
6b0ac2ab04c09dced54058ec504a4947f8ecd5727dfca7e0b3f69de71d0d31c7,10,1330.0,400.5611064494405,3.320342336251947
6b61ab2e3ff0e2c7a55fd71e290b51e142555cf82bc7574fc27326735e8acbd1,158,430.34177215189874,160.6434361296565,2.6788630928223345
6b6d4e6ff52de473a4b6f8bd0f11ae22242d508cc4117ff38ec39cbb88088aaa,61,547.7704918032787,312.76007635050627,1.7514079744289333
6b72b61b80060a9e79a4747f9c5d5af135af9db466681c2d1086f784c7130699,191,570.2251308900524,224.1688466963493,2.5437304928568327
6bc8cda54f5b66a2a27d962ac219f8075bf7cc43b87ba0c9e776404370429e80,18,1745.4444444444443,939.8301987429089,1.85719127431647
6bd18a218d25247dc456aed124c066a6397fb93086e860e4d04014bfa9c9555d,46,124.91304347826087,49.964259437842394,2.5000479319353843
6bd330234b763b77796d4804de8e224881c0fc8dd02650fa708b2edfd8c7461f,25,1510.88,1003.1340217538233,1.5061596628518912
6c67b78e8164801059375ed9a607f61e67a7ae347e92e36a7f20514224541d56,111,183.64864864864865,131.18212693085053,1.3999517536825314
6c85029f850d392791e13f74963391054ff54e508967bbd091ee510e9e58e011,8,179.0,85.8079250419214,2.086054404794775
6d327ab4f0e3604fa6e9b8041c7e6db86ab809890d886c691f6e59c9168b7fbe,17,1287.9411764705883,714.3563512280075,1.8029393512867427
6eefe1f0d9c2d2c2380db3ecd2113a566ace7dfc917687bb5033b4af5b8293aa,33,121.0,57.778574198085195,2.0942019023378737
6f8197baf738986a1ec3b6ba92b567863d897a739376b7cec5599ad6cecafdfc,20,1908.75,687.5819133019717,2.7760328814258917
6fb82031f7fc5f4fa6e0bc2ef3421db19036b5c2cdd2725009ab465d66d61d72,7,173.71428571428572,96.14529820717672,1.8067891925402433
6fc83b33896f58a4a067d8fdcf51f15d4ae9be05d8c3815d23336f1f2a8c45a1,23,1873.4347826086957,902.5172924315614,2.0757882406455495
6fe2df6de1d962b90146c822bcefc84d0d3d6926fdfbacd3acdc9de830ee5622,206,595.7330097087379,203.84079447667827,2.922540658449487
700afb1cd830a808e3c6125749612e5d23fd9f9726049a9e0c2061997514e1a7,133,596.6766917293234,206.6616336190827,2.8872155962393764
70827e40a7155391984e56703c6df3392fb4a94bbd6c7008da6a6ca3244965d9,28,1311.0,918.630891210237,1.4271237910068995
708eb41a3fc8f2b6cd1f529cdf38dc4ad5d5f00ad30bdcba92884f37ff78d614,97,210.79381443298968,102.30376620777683,2.0604697387667215
709e094e39629a9ca21e187f007b331074694e443db40289447c1111f7e267e7,22,1165.909090909091,667.1699326320578,1.7475444169215677
718751b439c05bdd589f04fcef321a86be3ecb35292a435138e295e05eb2e771,61,291.2950819672131,192.20108529591528,1.5155745947986268
724b6b7044522f6d5ea35b55f8fa71d0a45a28687be2b7cac3149943ab816eec,18,1512.0,1045.8189773251072,1.4457568974960129
72b18a405555ad491721e29454e5cd325055ce81a9e78524b56f2c058a4d2327,7,179.57142857142858,77.16745639536535,2.3270357344863006
72e8c49dea44787114fd191f9e97e260f961c6e7ae4715bc95cc91db8d91a4e3,25,145.24,115.63019674808133,1.256073275706936
74a7785530687a11ecd073e772f90912d9967d02407a192bfab282c35f55ab94,24,113.54166666666667,66.84558023700761,1.6985665509087284
75120baa6abcbfe750a4eb223b8c10ae6bc3bebdda7b00d9a78bc2472fa28625,33,176.72727272727272,107.01409500119888,1.6514392120523267
751f421d322940d6efe3bd570a66ecda16d08a1b90bc32a6d7ae1af89856fd49,29,238.93103448275863,100.47127949010165,2.3781028339178056
76a372bfd3fad3ea30cb163b560e52607a8281f5b042484c3a0fc6d0aa5a7450,63,247.1904761904762,160.07248924802462,1.5442408458299568
76c44d1addac92a65f1331f2d93f4e3b130bd4e538a6e5239c3ac1f4c403608a,35,73.57142857142857,18.71635757342562,3.9308625240142243
76c4f14e35210f87a29e93c46dbb25c8f5dc5c04d1d3134672708bcdfbc7e959,33,1242.3939393939395,1077.9993517565358,1.1524997091784261
76faaed50ed6ea6814ac36199964b86fb09ba7f41a6f213bceaa80d625adc2e1,111,596.4954954954954,252.87528079542906,2.35885252848438
7773ac91af61ed041701b7c3b649598e3707cf04c0577f464fd31be687f538fe,45,336.1777777777778,216.03068597759582,1.556157525753736
777f7c4269279951ae05b56e806745e613297d411d048c0bce8964afd7d71a4b,44,1162.5,943.4497264632791,1.2321801230022897
7798ca1ddb3133563e290c36228bc8f8f3c9f224e096f442ef0653856662d121,33,580.3333333333334,341.26508550664624,1.700535325703664
77ceeb87f560775ac150b8b9b09684ed3e806d0af6f26cce8f10c5fc280f5df2,30,411.73333333333335,134.09174305510223,3.070534575452122
785555c0cbb49dad835635217085287a8cc61c27d26f0e106b70c1dfd05784dc,19,99.47368421052632,41.364068339375024,2.40483318503359
7978812d0e2e034ee1f9c141f019705582fcaa290e4a01c6c75a62753285cb23,25,1681.16,873.1733243749491,1.9253451211458377
797945873ca2a95f028671714b71eb3f883efe9dae7fcd3fc0ea1521efb73aaa,22,1674.0,721.1155499388682,2.3214032759963525
79dfcbc9361edd3a1ffe81a5bdaa22a197ad1341f3fa64b86a646c2607d6b324,12,2147.3333333333335,769.7688325436121,2.7895820700322704
79fe419488ba98494e3baa35c6fef9662eda1efe325d0ab0ac002f5383245d96,74,296.36486486486484,183.10464991249222,1.6185545534015708
7aa1aaa5e032a980f434c8ed63efb57ab0d338d6154c47f7bb75afdc89f43c04,66,123.18181818181819,30.729469170197092,4.008589198191741
7aae06bc4558829473071defec0b7ab3bfa9c5005548a13da95596bb6a66d105,75,87.42666666666666,35.478133484662855,2.4642408740150064
7ac468eb217b7058d22c1711285d21949b4121bf3fa3217e3e51453666ebecff,6,156.33333333333334,22.830291768223688,6.847627481963489
7af09f98ec299ba0658d759eebc4c34e1c98289ea6ce37f233e9f5e4e2fc84f4,12,166.58333333333334,59.013357715765416,2.8228072385860976
7b38c9173ebe69b4c6ba7e703c0c27f39305d9b2910f46405993d2ea7a963b80,1,26.0,0.0,inf
7b5987a24dd57325e82812371b3f4df7edc528e0526754ba94cf3a1ea4df25d2,49,348.83673469387753,155.12672198899858,2.248721111496294
7ba20aa731cc21af74a8d940254176cbad1bdc44f240b550341c6d9c27509daa,18,134.72222222222223,63.7650248573756,2.112791809045129
7c0157913223365720209ac83ff2e0b1b2b460173acd615c67646014093a2b97,25,1829.88,962.2823419350476,1.9016040513850703
7c318172e976ae5a962c9c7a4e9fe46d7fb985765ddd3a3e2108e893a90b92b2,48,259.8333333333333,150.8428173813906,1.7225436241778178
7d40ea6ead1bec903f26d9046d291aedcb12a584b4d3b337ea252b34c7d86072,21,1892.952380952381,1308.133329311747,1.4470637958199009
7f2b154541166210f468d89bb0a7184f10e51168a181dbb8b686c14654ffa317,102,434.47058823529414,150.86532793907216,2.879857116081421
7f34dfccd1bc2e2466ee3d6f74ff05821a0e5404e9cf2c9568da26b59f7afda5,55,397.6545454545454,308.3456866559655,1.289638748532992
7f38885521586fc6011bef1314a9fb2aa1e4935bd581b2991e1d963395eab770,101,169.93069306930693,139.4171926714598,1.2188646881576004
7f4d7b549d0f1a110191e2aded872943d85892bc30667f19fe9de97a5370b08e,10,147.2,52.664599115534905,2.795046434837082
7f55678298adb736987d9fb5d1d2daefb08fe5bf4d81b2380bedf9449f79cc38,64,388.453125,189.88458087147143,2.04573285106775
8055957570d7b38f0acecdb56f3078a963a1a7307ca03fcca62212e0e95e5845,23,1582.1304347826087,732.3760203342819,2.1602706681473123
80632d6be60c8462e50d51bcf5caf15308931603095d6b5e772a115cd0d0470c,36,1143.4444444444443,719.069284424296,1.5901728376006399
813f41ef376c3cbcc9d6e2ce6a51c2ee068226d1c1b13404eb238dcfdd447c97,14,145.28571428571428,49.709769909845654,2.9226792751044015
815524d88283ba10ad597b87aa1967671db776df8004a0c4291b67fc2624c22a,29,309.6896551724138,187.50339830451918,1.6516482259668448
8175a55b711c948fe383bd3b91b6ca1b9e048a5241e0be13aff31ce2674fbe6d,11,152.72727272727272,45.64107183246827,3.3462683191989626
81e2dd950e6df28a4fe202a40afa98b202981f65a5ca05b389749290eb87c883,11,155.0909090909091,45.10282100722656,3.4386077328967914
831218e6a1a54b23d4be56c5799854e7eb978811b89215319dc138900bd563e6,20,1491.9,866.9354012843171,1.7208894662622294
84e642d75ae6ece8147272418b6fe13d04db8d076fe306c4acedc329fceab564,19,194.31578947368422,92.71351041703909,2.0958734989067187
84eeec681987753029eb83ea5f3ff7e8b5697783cdb2035f2882d40c9a3f1029,1,175.0,0.0,inf
853a4c67900c411abd04467f7bc7813d3c58a5f565c8b0807e13c6e6dea21344,18,1569.7222222222222,712.8353250346703,2.202082538692755
866a8cba7bfe1ea73e383d6cf492e53752579140c8b833bb56839a55bf79d855,5,474.8,43.050667822926975,11.028864916867596
86f9087eb1d0875ffb1a28cca7645b14d6c66f995c7d96aa13969d2f8115d533,20,1615.4,758.8231941631726,2.1288226459412027
876423522bdec1602917b94163a21e05fc7b692045219b7bc96cdaf638c33c25,119,648.0336134453781,200.60529969343847,3.2303912929304053
87ea72894f6534b28e740cc34cf5c9eb75d0d8902687fce5fcc08a92e9f41386,14,1028.357142857143,749.7580187865241,1.3715853876715167
88678981648b184b23b6c04999f29210cbe351f85b61d2bf99e306fd67a2998a,10,221.6,60.79506558924006,3.645032665927748
88d5a03f8ecd459f076a06e0d5035149193bfdd727c30905de19054dcb9018ae,38,116.6842105263158,72.42495399528285,1.6111050693096143
89be66f88612aae541f5843abcd9c015832b5d6c54a28103b3019f7f38df8a6d,19,1525.3157894736842,994.419801885638,1.5338751165064803
8a26b134fe9343c0c794513dae7787b7ac1debec3bb2a7096ab0b874a31d8175,29,171.58620689655172,109.00348531010509,1.5741350508968077
8a65e41c630d85c0004ce1772ff66fbc87aca34cb165f695255b39343fcfc832,12,107.08333333333333,57.041590577012805,1.8772851922626235
8aa1a883f61f0bb5af3d3d60acaaf33af45ef4fbffaac15ae838bc1ce37b6fbf,7,222.28571428571428,98.93390908756683,2.2468101820273594
8b12e18670e4b24d03567d1e17c0c24fadf0ea2c1e763983dd6bb4c44b7376a6,7,182.42857142857142,66.1791014549741,2.7565888236286997
8b77284d6f37ab3fc826139ebadaec3b9d81c552fe525c3547bbbd6c65ac0d83,7,252.28571428571428,124.12633459010829,2.03249145412064
8bef203fce625e4d8c89dca728158be4662dfdfdcd4dc73a6aa39a908c1631bc,20,109.35,58.46389911731855,1.870385000845892
8c3ef7aa7ed29b62a65b1c394d2b4a24aa3da25aebfdf3d29dbfc8ad1b08e95a,39,1650.3846153846155,791.4841824353566,2.0851770029142793
8cdbdda8b3a64c97409c0160bcfb06eb8e876cedc3691aa63ca16dbafae6f948,92,576.695652173913,250.19704144196788,2.304965913466547
8d05fb18ee0cda107d56735cafa6197a31884e0a5092dc6d41760fb92ae23ab4,94,274.468085106383,182.20497588364242,1.5063698660000402
8d29c5a03e0560c8f9338e8eb7bccf47930149c8173f9ba4b9279fb87d86cf6d,38,1687.1052631578948,845.0294541572808,1.9965046837809783
8d9b4205ddb10fa49a2973b4f3a2dc6923407ae015081e1a52c4b4c2fe8faa53,33,130.9090909090909,69.26994347385109,1.8898397247647265
8de0b1a2e8f614af29fe5fafeaa5bdf55e6b3e65edf36355f19b707f7649ce2b,11,206.27272727272728,83.34276530644769,2.474992598508959
8e507d58f4c27cd2a82bee79fe27b069befd62a46fdaed20970a95a2ba819c7b,6,152.66666666666666,85.70232720812714,1.781359639113619
8e8a7a14749d0b2e48de3d10e2e80063f17b165ad921c8afc0623f08500f3259,16,146.6875,78.0286155442348,1.8799192959772835
8ecdb93582b2d5270457b36651b62776256ade3aaa2d7432ae65c14f07432d49,6,159.83333333333334,69.00342181531451,2.3163102514122014
8efed2e62c919e6d70a2ab548b1a33014877fe8a23f177ef25a9dee25ffe8842,260,409.6576923076923,160.6860117244352,2.5494297102240946
8f27ebc74164eddfe989a98a754dcf5a9c85ef599a1321de24bcf097df1814ca,13,1012.0769230769231,739.0878433831032,1.369359450487291
8f6597cd978c060378177df76e554d0578b97eab471e237dbe0adc0dd0d93d63,9,91.88888888888889,20.983826811483194,4.379033896648613
8f6e49e474ebb649a1e99662243d51a46cc9ba0c9c8f1efe2e2b662a81b48de1,74,112.14864864864865,45.446934434846106,2.467683465194508
8f94a80b95a881d0efdec36affc915dca9609f4cba8134c4a91b219d418778aa,75,233.82666666666665,219.78088320466415,1.0639081218402549
8fdc34509a0c3721f7b5e235c8a93e1f553343aa17ad103a1e89e3509a3e1570,36,265.02777777777777,100.11895317046927,2.6471289339843938
91cc2e0d4d6e2c1ad59a8d63bcbe3e2ea8bc7f8e642e942a0113450181e73379,36,241.72222222222223,162.45830424230073,1.4879031475159448
92e7e86e765e05ce331c07a6d14f0a696eac7ee40058699243900f40b696d7aa,12,185.91666666666666,103.32026126994108,1.7994211820751107
92f31f591929a30e4309ab75185c96ff4314ce0a7ead2ed2c2171897ad1da0c7,10,247.4,143.19790501260835,1.72767890688217
930f246a8e4ff273a72a6e4b3cf8e8caff94fca4eaf1dbe6f93ba37b8195c0a0,41,91.73170731707317,34.48295753701678,2.6602041666118974
93c5638e7e6433b5c9cc87c152bcbe28873d2f9d6a392cca0642520807542a77,1,98.0,0.0,inf
93cfd412c7de5210bbd262ec3a602cfea65072e9272e9fce9b5339a5b9436eb7,6,74.16666666666667,25.699654126509607,2.8859013549977144
942d56861fc83e195e9c559a000bb86627d8682f8dcc2300818458e5b6850dd0,51,216.37254901960785,85.89687405216718,2.5189804798740374
94519eb45cbe1573252623b7ea06a8b43c19c930f5c9b685edb639d0db719ab0,61,370.21311475409834,206.65899009880738,1.7914203228085688
947c0d94c8213ac7aaa41c4efc95d854246550298259cf1bb489654d0e969050,64,186.21875,131.97353768251233,1.4110309784070876
94a5a37c3b1153d5c5aef2eca53c960b9f21f2ef1758209d7ec502ec324b03a3,8,139.5,49.937460888595446,2.7934940527154146
9520aff4efe87bd8f3901652fa2dde9b4bc9c679325966145ce00c1ca33f35de,44,1140.5454545454545,527.4907777972588,2.1622092793891903
953211bcc0192e2298087d30e708dba68def9e0c13a3ff3326a18b0962c63adc,14,1057.0,636.6223370256498,1.6603250287107236
958114e5f37d5e1420b410bd716753b3e874b175f2b6958ebf1ec2bdf776e41f,147,610.2176870748299,213.05997102176005,2.864065380974391
9586e48a9a4353f11898a6a4b7475a91574e8af82e99c4b7a5e1f1b18f345f7a,99,86.55555555555556,35.12322384084619,2.4643397185794966
9620c33d8ef2772dbc5bd152429f507bd7fafb27e12109003292b671e556b089,168,442.23214285714283,144.91183580823522,3.0517323888047185
97126a9791f0c1176e4563ad679a301dac27c59011f579e808bbd6e9f4cd1034,20,1846.65,992.4075914159464,1.8607777852295935
97158b2fe38783d88d4e44ba1b7bc6c84f225f8b35fcccc2f9265c65f14e7c8b,15,106.6,41.35504805945702,2.5776780587158052
9774c82396327929fea05e40ae153cabf0107178b2ae3e40a5709b409793887e,14,57.857142857142854,13.163027999759365,4.395428077658162
98a463483fe3a56deacc8bc00ab8aa62668bd40ad0c70bbe7deb10d3e4aeb0c0,125,674.752,204.4559475681742,3.3002317028464496
98c5ead89cd066637efd5c93a6edc55c85908eb66807471f0d246d5457341f9c,28,432.60714285714283,166.74817182242944,2.59437412793843
9a71a416f98971aa14f63ef91242654cc9191a1414ce8bbd38066fe94559aa4f,10,154.4,79.16337537017986,1.9503968758027606
9b25b8ffd5f52b6c3d235a42d51d380503d1f80b61ef0f62eeb696f5977c38e6,10,182.3,89.22897511458932,2.043058320079182
9bb6e39d5f4415bc7554842ee5d1280403a602f2ba56122b87f453a62d37c06e,132,149.96212121212122,82.77794367545513,1.8116193100915017
9bf9f3dcadeb152a9a26b23e2fb199dcf9b2b17660b1646326f5b10cbf51eaee,59,74.98305084745763,34.70529267770079,2.1605652931328407
9c95eae11da041189e84cda20bdfb75716a6594684de4b6ce12a9aaadbb874c9,20,60.05,48.44530421000574,1.2395422214646237
9cbc0700317361236a9fca2eb1f8f79e3a7da17b1970c179cf453921a6136001,7,66.57142857142857,30.733216757197706,2.166106759906204
9cdac2870cfe65b6cb61bd151020068a3b427118a27343767b07ea39483fee32,44,202.77272727272728,101.1939774610138,2.0038023246081806
9d429167633b4d9d7f41544a461975cf8e688a3affa6a8916799202874809f2a,10,147.7,45.73630942697498,3.2293816849351535
9e4f8ec60a0d622a02c0e16eedcc0101f88ddefbcec2383946c4572b57a1e43a,53,62.15094339622642,31.872621613917577,1.9499790180136118
9ebcfaf2322932d464f15b5662cae4d669b2d785b8299556d73fffcae8365d32,58,576.2413793103449,312.71179362787,1.842723527070033
9f073db4acd7e634fd578af50d4e77218742f63a4d423a99808d6fd7cb0d3cdb,18,228.61111111111111,102.34589439135031,2.2337106189814295
9facc652efe19f634639585d692a53dd6c2a8e2f0c9baebdfd85b9b41ec58851,23,1636.9565217391305,1009.8537336302877,1.6209837793583166
9fb32aba1c2fd53273dca9abefac944ba747f578da82dfaa1249f332a2324944,89,198.14606741573033,115.6570434431813,1.713220929022566
a022908f1b7880838dbc0411e50828e64b4f5e0263afdf04295e30bb2ff58005,42,123.47619047619048,34.11621461670744,3.6192816777428045
a02ec007ae8feddb758078b1dfb8010c26886fd3c8babdc308ead8b4a63acbdb,71,438.4788732394366,260.45533580256364,1.6835088898766983
a0325cb7aa59e9c0a75e64ba26855d8032c46161aa4bca0c01bac5e4a836485e,39,371.61538461538464,271.40750092468966,1.3692156014453731
a08166d91d2cca263d2dd52764dc25c9c582b7a5ece2b802749fa4be33187c49,22,154.1818181818182,73.38419223117121,2.1010222160124394
a0afead3b4fe393f6a6159de040ecb2e66f8a89090abf0d0bf5b8e1d38ae667c,18,1731.4444444444443,876.8207229798538,1.9746846750612517
a0de55384fada5cbc46bd7a41f6feeef93b67d088497c7316079ccec39c2a834,68,88.41176470588235,46.14403131822769,1.9159956809182854
a101a00fea63f0c43abe5323f4f890bec881eb0caa3bc8498991ff5fd207ed91,18,82.88888888888889,25.12389055347937,3.2992059375696385
a102535b0e88374bea4a1cfd9ee7cb3822ff54f4ab2a9845d428ec22f9ee2288,375,96.936,67.87562083693969,1.4281416332511083
a1777737270c5f96c4523dff76e4097756f8f7d4c9d59bac079e31f9510deabd,26,1671.6153846153845,1386.1397164822408,1.205950139613362
a1f50f101bc471e2d6967ebdb8ba81150588609e769f3b960f0801e4da5fdc6f,7,179.42857142857142,52.52443551843859,3.416097091906555
a22b7882fa85b9f0fcef659a7b82bfcddf01710f9a7617a9e036e84ac6901841,31,288.93548387096774,208.90110879797632,1.3831208725195945
a246bcaa64af48ee5ca181cd594c0fc43466e7614406eb8bc01199a16ebc95d0,44,323.04545454545456,187.72428458990964,1.7208506360866354
a31deaf0ac279d5f34fb2eca80cc2abce6ef30bd64e7aca40efe4b2ba8e9ad3d,87,414.7701149425287,239.06468615074587,1.7349702359678045
a3a1b8f9794ef589b71faa9f35fd97ad6761c4488718fbcf766e95e31afa8606,16,142.5625,75.55872612577583,1.8867774419951044
a3a65623e079af7988b0c1cf1e54041003c6d730c91ecf200b71c47b93a67ed6,15,84.8,35.12491992873436,2.414240378968903
a486f6ed4b8781e7883e433d06a83dd66db3e8b36d45b9976c4214820ee22629,53,904.3396226415094,378.2151201489591,2.3910721027899084
a4c44fc5f5bf213e2be6091ccaed49d8bf039d78f6fbd9c4d7b7428cfcb2eda4,37,400.9189189189189,332.98919537526905,1.203999782837083
a4c729efb5059893a8b62c7abeba171cb516836f8a20468f6b176dfe2f6f84d1,10,121.5,47.61354849199963,2.5517946855066955
a5e695fce80dc03efb6665a9ec14500ab47f4ee9f6437531388dd3cc32c90db1,49,913.7755102040817,450.7630838562502,2.027174679849088
a5fe0b7412dd152c41f7afc34ffdf276d4261b6942fa6d36803648e90f2cfc06,30,867.8,441.5387789688844,1.9653992839010739
a6001531274f9ad16e0ced40380f9667b9149558dea7053f7a7db18f5cd028c0,10,208.3,75.48516410527303,2.759482640979636
a6515d73077866808ad4cb837ecdac33612527b8a1041e82135e40fce2bb9380,15,283.3333333333333,201.0070203306895,1.4095693417434054
a6593632dcbbe4c9e9429a9cec573d26fd8c91a47d554d315f25e7c2e0280ee3,10,161.3,58.586773251306475,2.753181154184883
a65bbfc5673e8053b6ce49f39c79cf3a846fe5cc46dd93105f74fb07cf44606d,134,642.1194029850747,254.46461340286675,2.5234133516571724
a6e81120d1cb9f71f8a25f90a5d56c4b714a642fc496a705e38921fd90a3f69c,30,1065.3666666666666,1243.6468277699348,0.8566472754785583
a7a581e6760df4701941670e73d72533e3b0fbd7563488ad92772b41f7709710,124,625.983870967742,185.71826494290403,3.370610161365605
a7f6194ddbeaefb1da571226a97785d09ccafc5893ce3c77078d2040bccfcb77,83,407.6265060240964,292.0956977547398,1.3955238271477826
a7f767ca9770b160f234780e172aeb35a50830ba10dc49c526f4712451abe1d2,11,2366.4545454545455,1616.1233280818171,1.4642784398535347
a815a986800a95de0957116c6585deea8ffb6ee09ad00ccc687306937ac698d0,21,88.66666666666667,55.31755368806313,1.6028667349727703
a891bbc89143bca7a717386144eb061ec2d599cba24681389bcb3a2fedb8ff8c,155,625.2,233.62847263509312,2.6760436900022317
a90401357d50e1376354ae6e5f56a2e4dff3fdb5a4e8d50316673b2b8f1f293b,20,880.95,607.1099138541554,1.4510552041679041
a90cad45551d62c5cfa89517df8eb5e8f2f87f1a6e6678e606907afcbad91731,140,429.82142857142856,162.9736730648386,2.6373672537921222
a9d884ba0929dac87c2052ce5b15034163685317d7cff45c40b0f7bd9bd4d9e7,65,229.03076923076924,105.82495986381245,2.1642414939302785
aa47f0b303b1d525b52452ae3a8553b2d61d719a28aee547e2ef1fc6730a078f,31,220.19354838709677,164.76952023079502,1.336373062679727
aa4d989d262c618ac2793579e200cc71b3767f84698ae5f669867f23cdfe2568,8,156.0,82.7994565199555,1.8840703376163157
aa58ba4512955771b4f9b459cb4e6a8adb71d11cd6cae662ec2df31d688a5fe0,53,316.7358490566038,180.29244073599773,1.756789401505747
aa83f5b4fca02ae43a6b9456ab42707b0beabc6e7c5c4e66c0d2572fb80f3615,8,157.0,69.63296633061097,2.25467918822499
aaa52100fafaa50877e777229cdf6cde7c422f145ff6719449b80631d9a3b0f6,141,617.0992907801418,208.14405489504017,2.964770197694686
abbfff07379bceb69dba41dad8b0db5eb80cc8baf3d4af87b7ee20b0dac32215,37,267.56756756756755,131.29552812222542,2.0379031288749148
abc781c8721fe04b877a7e324494eb75aa5bce94950a0e4e4d7d6ffc9e74da62,11,172.9090909090909,98.86028207475854,1.7490248589250064
abd8dde78f8d37b68b28da67459371ed65f0a575523e94bc4ecbc88e6fedf0d0,14,749.9285714285714,469.9006679662225,1.5959299965976597
ac782d2cad7f515ce7276926209820e386248e3d619b2df81e22d5e3c160b7cb,25,1455.6,981.7684452048762,1.4826306621580654
ac8169a0debed11560f3f0e246c05ea82d03c66346f1576cc8268554cb3f549f,23,1931.4347826086957,1036.5104846923289,1.8634011050857922
ad473063dab4bf4f2461d9a99a9c0166d4871f156516d9e0a523484e7cf2258d,84,131.71428571428572,76.69940886165871,1.7172790203879709
ad9d305cbf193d4250743ead466bdaefe910835d7e352c544e22320e8336f5c1,34,1380.5,802.6857215916194,1.7198511981285172
adc315bd40d699fd4e4effbcce81cd7162851007f485d754ad3b0472f73a86df,5,2389.8,1048.9216176626355,2.2783399252704037
ae570a676961482848b5097038ef5e407df7a66a8e1c9b0567da599565a6b142,75,171.81333333333333,87.86226999622129,1.9554847984319383
ae9f76b5360df3f60f3cdd389652b96e823080bb830dd8c79e7f1e597d51bc1c,73,70.89041095890411,31.264913874135974,2.2674110424320886
af576e8ec3a8d0b57eb6a311299e9e4fd2047970d3dd9d6f52e54ea6a91109da,2,210.0,35.0,6.0
af6b6173c59450bc76b2cc461cf233921fbfdb6feb8dd6da03a0d44193221fd0,37,236.27027027027026,147.30711596335212,1.6039297811590507
af8621ef0db8c26b0bce6385bd5609b584bfd678fcf7a234b8a15e6bb05c15ac,22,235.4090909090909,105.73838173483092,2.2263352913745758
afa272dc01825d4b929b3bfc79a10f68dd3c163c450d858b964d1ce0bc93e131,10,2039.7,582.1317806132904,3.5038458093648917
b0d6dfcc95e4d087d232378f860fc3ef9f95ea5a4c26d623a0be091f820a793f,22,119.81818181818181,62.39655902782137,1.9202690610672506
b0defa611b75645c0283464ee4163917bad382d335b61e8509f065bf371fa15f,23,1166.4782608695652,764.9913821376039,1.5248253615747835
b0e35e06b85da49bfe3ea737711a72b551a6add446e30eabb01aa683a79873c5,15,1059.0,716.2883032224757,1.4784549674142586
b1a239838c7dbb34ffea851ad537899f24da62f4e3f3fd6d835ff7b922f27313,29,1518.0,896.2775509159326,1.693671785540886
b1e3aeb0c56261c17eb71c747d116057b8da7e8c8a6845bdc01b2b3ee2299229,22,116.0,67.7944755056849,1.7110538747404695
b1eb0123fe2d8c825694b193efb7b923d95effac9558ee4eaf3116374c2c94fe,12,1545.0833333333333,1007.7068404992044,1.533266691499206
b1f23c4d27afed8af7b6b64793a3760bfea31b65f582d48aaa62d2b988ef2eac,126,583.8730158730159,178.3526462229087,3.2736997641362704
b214800de5ed4cc558f44d569495970f93c8c047f8e464c51d4bd5c276118423,64,393.828125,228.67625550980227,1.7222082114385437
b24ea5c268469a95ed155eeaf809e36030b78a2eb530a0cb2380cdc1ccdb7dd1,50,1679.14,761.2175512952917,2.205860856916353
b2c23ddb04531158da6a0abcaca78fec0ae5c6f64f60166e4f36f4a161efd76f,10,169.9,35.99847218980272,4.719644742260132
b2c5d8653c621207e97b699e5c4c05d13df4f02d9db3e594b1f0c22e5b746aae,24,143.375,63.71473697923686,2.250264331260169
b3a9f4c9035a0df7e033b18c63bfb0f0d87ff5a4d9aa8bdf417159bb733abb80,6,154.33333333333334,62.03135407911783,2.487989108483575
b3b1626f8ad156acb2963d1faa6a368f9378a266c3b90d9321087fdc5b3032b4,27,1286.148148148148,916.2214152462437,1.40375255014366
b3bfd873fca7ff9b2e90f507dfdbe165bb8c153399b6ba5829aa59bae677a91d,8,173.75,66.23773471368115,2.623127145743295
b4d902d42c93dea77b541456f8d905f35eeb24fc3a5b0b15b5678d78e0aabe0c,17,131.88235294117646,69.1587112057486,1.9069521487875
b4de1e3eec159d8af1bd5447696f8996c31709edaf33e26ba9613816705847db,25,1560.76,970.6995118985071,1.6078714173322748
b560dba92fbf2af785739efced50d5866c86dc4dada9be3832138bef4c3524d2,23,71.1304347826087,29.572761185908735,2.4052686299885306
b61d3fb0d0ebbee018346e0adeff9e9178f33aa95262779b3c196f93b4ace895,170,431.0235294117647,179.2064846824722,2.4051781952839244
b67a6e5da8b1cfa5319d94a7d3f8b706725753346c37a4636bf7382e98b3c5df,11,190.1818181818182,87.72976915901587,2.1678139587612657
b6c9b58de0388891221b8f7a83cbf0b8f8379b51b5c9a127bf43a4fc49f1cc48,18,1487.0555555555557,980.3250862297456,1.5169004409288924
b6d50fa22380ae3a7e8c52c5bc44a254e7b2596fd8927980dbe2c160cb5689b5,16,139.6875,58.24379661174227,2.3983240812951783
b6edad733399c83c8eb7a59c0d37b54e10cc0d59894e39ff843884d84f61dee1,25,1234.0,1081.4380795958684,1.141073190673241
b76ff33ae9da28f9cd8bdce465d45f1eca399db3ffa83847535708e0d511fe38,90,665.5888888888888,252.31478991505145,2.6379305355543257
b7a86f4968071e0f963fa87ef314fdd1b6c73a66355431cc53a37e193ba6be9b,9,146.44444444444446,51.33790263454069,2.852559939718205
b82548ab19466b461614e6055aaf49fbc24c03a2d20e65575b680c7c28268807,37,125.05405405405405,42.977647204568115,2.909746395813915
b8fdc02d915206bb2564e1f7da962f2b9d9d491b11afa00a76622b7932366480,21,216.0952380952381,82.48803939960587,2.6197160178384675
b909aa8f6f4bec37c3fb6ff5a85d166162d07983506fcc57be742b0f9dbafbf7,9,1034.4444444444443,1082.4400533682233,0.9556597995663305
b98681c74842c4058bd2f88b06063731c26a90da083b1ef348e0ec734c58752b,5,240.8,80.48204768766759,2.9919715876823822
ba3997edd3fcb2f823ecdf870d2b607f08bff848f72a5cf72340bae5aca7c5ce,43,141.5581395348837,53.485186962799766,2.6466793438216976
bb481eae02085bbae08742f702b9ab7d8b2ff9df2fbefeee9fac51f7c77dd01f,26,243.80769230769232,122.10998170967062,1.9966237722266706
bb61fc17daf8bdd4e16fdcf50137a8d7762bec486ede9249d92e511fcb693676,37,504.2432432432432,528.8679089877254,0.9534389110664423
bb8ebf465c968a5f6f715de5d9e2e664afd1bcaa533e0e3352ecea1cc5b6fb0d,106,682.4811320754717,288.3435526606804,2.3669026956833266
bbce7ebc40323a0eff6574d0c3842f50f907f55fbfb46c777f0ed9a49e98ff9b,27,957.8888888888889,825.146960348785,1.1608706508280593
bbfc4aab5645637680fa0ef00925eea733b93099f1944c0aea09b78af1d4eef2,12,370.0833333333333,169.75887720201524,2.180052904643858
bc115ff727e997a88f7cfe4ce817745731a6c753cb9fab6a36e7e66b415a1d3d,22,1580.3636363636363,1213.466917009972,1.3023541179496774
bde3727f3a9e8b2b58f383ebc762b2157eb50cdbff23e69b025418b43967556b,106,658.0943396226415,218.7575779087171,3.0083270527764316
be1916d0e5592c17f971315b5de720ef6894173087399daed94a52ef109c1572,8,82.25,39.68863187362346,2.072381841276375
be26966900aa0e5b41d5a8ecafe04281b37deb05c5cd027968d7b74143398174,33,79.63636363636364,40.983232478083245,1.943145008850902
be771d6831e3f8f1af4696bc08a582f163735db5baf9906e4729acc6a05e1187,18,961.9444444444445,528.0471856254076,1.8217016786201379
bf4a61bb81589c9a67e3343408befd3e135af5e88b50c17f998f2131d24bc271,3,875.6666666666666,1039.8097048124826,0.8421412712478797
bf566e75d5cb0196de4139573f8bbbda0fa38d5048edf7267fe8793dcc094a66,44,100.27272727272727,78.21600732364759,1.2819975182038104
bf7691b0a79811fa068b7408cbce636a73f01ef9e971a95da1a2d96df73782b6,72,83.16666666666667,29.806785208144213,2.7901924372556204
bfe8ef193a68a0a86a5e4ae1ddc27bda3f9ffe170494395be4030ba72737c565,37,400.05405405405406,193.06922801909417,2.0720756909769666
bff985591dd5d6303018a6e9a3dcfb336771a414ad4605c24ce1c1155fc86a96,17,91.23529411764706,69.02048239196374,1.3218582507077616
c00ae67f72816daee468474026e30705003b2d3501f123579a4f0a6366b66aa1,24,231.20833333333334,98.05652246139582,2.3579087604739244
c0152b1a260e71f9823d17f4fbb4bf7020d5dce62b4a12b3099c1c8e52a1c43a,25,765.56,413.44030572744117,1.8516820672648502
c043d5ac9dd466052e53491d0d513b0684f493d320b820f6dc2e05330ce58ec3,13,148.53846153846155,51.69379576612709,2.8734291869468978
c04fa1a74a980d790ba6f3e595fd9851f14370bb71c7cbb7846c33ca9d72687f,56,130.60714285714286,95.55564545096757,1.3668176510215846
c0c4a829c8d33d16a02f5dc0411597329f4b4d726ed6a22b5530cf6c8e106c4e,15,110.73333333333333,77.13059632136192,1.4356602776927432
c0f172831b8017c769ff0e80f85b096ac939e79de3d524e0826fbb95221365da,59,349.64406779661016,467.3558424602801,0.7481324422007753
c15c652c08153fb781a5349123ab8f80bb2a8680a41eb8e89e547ae01b7a5441,4,1780.75,666.5569649324805,2.6715646129065393
c169a7782a69ea2f38f64d2739de189e88adbcfd4a829721def8c89ecabe8b71,22,1702.090909090909,976.455878493559,1.7431314067327175
c1afe66cd139f996fd984f5f2622903730ec2f1192d90608154f07f7ef6cdb4b,13,1846.4615384615386,1438.4579144339375,1.283639597609054
c2a646a819f59a4e816e0ee8ea00ba10d5de9ac20b5a435c41192637790dabee,64,79.609375,23.01875403034176,3.4584571734449363
c304a1fdf3bca2f4b4580d2cac59942e2224a7678001bf5ed9d9852f57708932,253,434.2292490118577,179.570729935682,2.4181516061520067
c322c72b9d411e631580fee9312885088b4bb14ed297aa4b246ec943533b3ffb,11,181.36363636363637,80.10251695883528,2.264144040028595
c35e6e3ea39a718e1b7aff66e4cc678efd662f9b5336b74d69c1d6bca7aaf288,39,159.35897435897436,72.127908883966,2.2093940726236663
c395870ad9f5a3ae651b50efab9b20c3e6b9aea15d4c731eb34c0cf9e3800a72,114,229.7719298245614,171.78102314813367,1.3375862223525112
c3bec1066aae20f48b82975e7e8b684cd67635a8baf211e4d9e3e13bc54c5d06,76,321.05263157894734,136.20929085098206,2.357053836585866
c44ed955eb2e5c8d820b01477e122b32eff6dd475343e11229c33d8af3473b22,123,611.4227642276422,249.72264315872556,2.448407387066688
c53326fe49fc26b7fe602b9d8c0c2da2cb157690b44c2b9351a93f8d9bd8043d,101,73.56435643564356,29.99056480063476,2.4529166731160243
c620631271a56407d6d69fa1a69451ca99c50dcc30e29db04cf6fb7cacbde8cb,11,170.36363636363637,50.79239872850111,3.354116769996931
c6216cdc42f61bc345434986db42e2ef9b9741aee3210b7a808e952e319d2305,32,67.84375,29.203070659392996,2.3231717921477704
c6de542205b891eed5c40e6d8ae3d03a6ca39b26dc445b4dbc64340d4d64dd2d,5,165.2,125.42312386478021,1.317141488024996
c75139ef0546d2240b37afb3219eb74a06b7977818697d5c3138796472483af3,89,70.20224719101124,29.791100313205632,2.3564838644073975
c7d546766518703580f63d5d8f11d54971044753f53c0b257d19c2f99d4bfdd0,52,308.59615384615387,194.6112752302537,1.5857054195911275
c89ac06daef5c819309f03d6a35792d1a8a66abb8cb3414013ffe71d3dd9fe96,38,79.1842105263158,29.85125869087203,2.6526255172794064
c8ca945abc29d262a5525e4c2585541bba33fa77c86a47c94575d8e5b54c83fb,27,1270.4074074074074,806.2258326787002,1.575746342915428
c901794d1a421d52e5734500c0a2a8ca84651fb93b19cec2f411855e70cae339,14,7244.071428571428,1669.3124959646332,4.339553825951175
c96109cbebcf206f20035cbde414e43872074eee8d839ba214feed9cd36277a1,23,1670.695652173913,934.5419447530621,1.7877160694112748
c9f305be17312bdb9530fb4f1adc6d29730ddbe0e74730cbf031de174bf437b7,20,1716.55,898.7295185427037,1.909973985035451
cab4875269f44a701c5e58190a1d2f6fcb577ea79d842522dcab20ccb39b7ad2,14,117.14285714285714,34.42560745984872,3.4027825733934605
cb4df20a83b2f38b394c67f1d9d4aef29f9794d5345da3576318374ec3a11490,250,117.452,47.25877374625796,2.48529512489308
cbca32daaae36a872a11da4eaff65d1068ff3f154eedc9d3fc0c214a4e5d32bd,112,233.08928571428572,162.37602708195064,1.4354907550278118
cbff60361ded0570e5d50429a1aa51d81471819bc9b38359f03cfef76de0038c,76,217.30263157894737,127.20973354607841,1.7082233058859067
cc88627344305b9a9b07f8bd042cb074c7a834c13de67ff4b24914ac68f07f6e,135,673.4814814814815,223.34457191795065,3.015436980169351
cdab367b30db47061df837c1ae9fa875d6057614f797332d37d3513517d6c694,22,1657.590909090909,872.261775714092,1.900336521950528
ce37f6dd0615d45e66e41a8f2ed6fbc0bbe3103a290394ad474207507710eacc,8,196.75,65.8611228267481,2.987346579522543
ce88df7356d9d4a8d5944a93768f4c4b593de2d35616f7448c2b37b9fd60dd1f,58,79.15517241379311,25.384492771102114,3.118249126644119
ce9e1a58b58940039ae841466198b72ea21cc90584039a9294b47f5aef17ddfa,32,125.78125,90.1989933338366,1.3944861838365477
cf26c41245febfe67c2a1682cc4ee8752ee40ae3e49610314f45923b8bf5b08a,40,127.475,49.46513292208968,2.5770677741992563
cfabf7379c5591d40aa4a20c86b4197c6a25ab55887a9fca4f06c2dfc0f0e973,25,1538.56,1082.8240145102066,1.4208772426384875
d0f2a00d3155c243048bc48944aef93fb08e2258d1fa5f9ccadd9140082bc22f,29,1437.3793103448277,1062.755313382936,1.3525025866672902
d1b173875e2261f55014bd27bd7174b9ae1c769338c1b31b5d737e9e60175993,9,153.44444444444446,60.595399735753894,2.5322787722102547
d1ba6089cae2f90cb7275ece10ca393c25f60ea17e5c9c3cea2399d31fd41869,22,73.5,35.90865937600314,2.046860040927014
d1dbc6ee7c44a7027e935d040e496793186b884a1028d0e26284a206c6f5aff0,17,108.05882352941177,92.1529869856676,1.1726025065928463
d256b32adda37f2301c9e46f34b7f9a36cce273256369ceb5dc2c73c3007e3c4,33,470.75757575757575,262.84988575726624,1.7909750061383167
d2815f2f616d92be35c7e8dcfe592deec88516aef9ffc9b21257f52b7d6d0354,14,189.92857142857142,87.77850720153889,2.1637252384857337
d2ce593bddf9998ce3b76328c0151d0ba4b644c293aca7f6254e521c448b305f,12,139.83333333333334,48.73710655707369,2.869134899700729
d32ea6d318626ca14a967d0c1ad3218aebfe636624a8d1173f5150dde8ff38cf,10,155.0,81.2046796681078,1.9087569907732111
d35f25c8e3f7fca5232fc4d5e3faf14b025b20b3731af77fe971a5e2e9d69d28,35,129.31428571428572,48.40057344912436,2.671751107457699
d3ce382f190ee24729bd2e80684c11bef72bc9c733cdbbc19a17d2c1b2e775f7,8,144.5,63.73774391990981,2.2671025221974075
d4d6c683f249d82518431603bf0206d05f2114ac871a99ffade0f5f61cf167e1,10,159.7,47.70335417976392,3.347772976260562
d4d88391bc399a3715440d4da9f8b7a973e010dc1edd9551df2e5a538685add5,24,1521.125,792.9771598486722,1.9182456658528273
d52958107d0b1f0288f50f346a833df3df485b92d5516cfcb536e73ab7adafd0,126,644.7936507936508,210.3272324773764,3.0656688779614276
d6a880b1f6056f3086679de5c810e7af87cdf3bbbd0533a83e3681817fce40fc,77,208.74025974025975,166.91248213013196,1.2505970618633369
d751ccb64fa767a65a966061218438bd1860695d96bbef11fdb2f0d3b8dedba8,28,1136.107142857143,938.868823154671,1.2100808066453161
d7d12a2acc47a94961aeb56fd56e8a0873016af75f5dd10915de9db8af8e4f5e,22,1409.0454545454545,932.3801642362181,1.511234911029782
d7db360fabfce9828559a21f6bffff589ae868e0dc6101d7c1212de34a25e3cb,27,1413.851851851852,1140.178793766938,1.2400264410994255
d7ec8003735996458b56ccb8ae34d080eb2a6adabef931323239632515b4b220,7,92.14285714285714,29.410535388474905,3.1329880917082904
d7fc0d0a7339211f2433829c6553b762e2b9ef82cfe218d58ecae6643fa8e9c7,18,168.22222222222223,58.674767959163916,2.86702833387088
d827a7d80fc67487a3237135e0d43ae01b7bbcb135e1a167601fc974a8348c51,29,222.6551724137931,123.27325292633127,1.806192074341163
d8607b21411c9c8ab532faaeba15f8818a92025897950f94ee4da4f74f53660a,24,1531.6666666666667,689.5160541197637,2.221364763757376
d910b2b1be8406caecfe31a503d412ffc4e3d488286242ebc7381836121dd4ef,24,184.04166666666666,115.53732411601409,1.5929195874561326
da31f2aa8601afec5c45180a2c448cb9c4a8ec7b35e75190d6ba3588f69058c8,62,1352.6129032258063,835.0374601378712,1.6198230232718893
da5f98f2b8a64eee735a398de48ed42cd31bf17a6063db46a9e0783ac13cd844,140,419.2857142857143,176.7182699631691,2.372622334821975
da79a2b105f055ce75404a04bf53bbb51d518d9381af7b4ac714c137f101d920,55,59.69090909090909,30.240774838120753,1.973855147906602
da8ca06ccbb4e2a8718f7c2939ef6cc3a4088981f660842ad885a8273e740d55,60,116.56666666666666,30.61609961369272,3.807365018323022
dabfee30b46d23569c63fa7253ef10b2407fbe8023035a5030252313cb718097,10,161.3,79.57769788075048,2.0269498150312515
dad607a203483439fcbc2acecd0a39fb5e5a94a32a94348f5c802c79cfeb6e7c,50,139.9,42.52493386238243,3.2898346286143334
dae976f161fe42dc58dee87d4bf2eb9f65736597cab0114138641b2a39a5c42b,31,313.0967741935484,164.73210996678912,1.900642043962591
db45946a4412a2137674ec075b6892ccd682b77826aba618210569bbc65cf2b0,21,137.33333333333334,70.13818560074874,1.9580394353951933
dbbfe08a52688d0ac8de9161cbb17cb201e3991aacab8ab8a77fe0e203a69481,38,302.4736842105263,175.66785897226697,1.7218498932025945
dbe5ad05b6f87018159a3228c1d1725892a1bfb9fa9f8fcc2e8bfe70d69d0355,17,1936.5882352941176,855.3089609521936,2.264197294435175
dd54adb80393de7769b9853c0aa2ee9b240905d0e99c59d4ccd99401f327aa05,141,614.8936170212766,235.93002034133912,2.6062542449310184
ddf1bf458312de2895dd9cc5ce7ec9d334ad54c35edc96ad6001d20b1d8588d8,30,83.36666666666666,33.26908808822722,2.5058296291615894
dec1764c00e8b3c4bf1fc7a2fda341279218ff894186b0c2664128348683c757,21,1584.6666666666667,1076.2621531124387,1.4723798120039573
df33b11184427e05c8a450f921586685975fe975f57315e686a0f26fddb93db1,47,125.12765957446808,80.8762166921605,1.547150258656906
df53d0b6c2c4e45d759b2c474011e2b2b32552cd100ca4b22388ab9ca1750ee2,80,149.475,84.86960218476342,1.7612313025173474
df5cdd0ebe1bdf8dc870bc294b8f08961e083bc7f9be69e268454aa9091808b9,22,1113.0,963.628747825823,1.1550091282677009
df9a4212ecb67bb4e58eba62f293b91f9d6f1dde73e38fa891c75661d419fc97,26,236.03846153846155,121.29064925884903,1.9460565425346739
e1bcb583985325d0ef5f3ef52957d0371c96d4af767b13e48102bca9d5351a9b,6,96.5,71.02757680413058,1.3586272310276548
e216ec5063d3562b793e434c491051bd8867f6c2e571e41137c7c560cc0e6a03,21,77.38095238095238,30.850601893451103,2.5082477368903016
e23e11414ee645b51081fb202d38b793f0c8ef2940f8228ded384899d21b02c2,199,428.5075376884422,163.510879552793,2.6206668257208494
e2d22d3d283915df8350d039278e314a23e6e8f2b41bdfc16df849e22dd13b36,42,141.64285714285714,57.929687030535405,2.445082381822563
e321cfa987e77c21373a0f8b1236c83d6636306949a82a7f5b07fc0838e7777f,15,195.66666666666666,110.16573373281226,1.7761118637962507
e414b54f2036bcab61b9c0a966f65adf4b169097c13c740e03d6292ac076258c,63,392.23809523809524,247.75715928570918,1.5831554428898387
e4537e7893e631f3ba6ae5b1023e24b233c78249a31c2f5e561f6c4cad88fcf6,21,226.66666666666666,89.39922942745213,2.5354431813152
e49fc2b4f1f39d481a6525225ab3f688be5c87f56884456ad54c953315efae83,69,383.1014492753623,265.6631922887136,1.4420569367359737
e4ae1ceddb279bac30273ca7ac480025ce2e7287328f5272234b5bbca6d13135,16,158.0625,75.25744875924244,2.100290437769965
e4fc936ba57a936aaa5941ccc70946ab18fcebcb6e8d85a097c584aff9ca4d88,29,231.58620689655172,127.69319838268042,1.8136142710006922
e50ac10d1dce6496d092d966784ed3795969128ca0bc58199a36d558ed529203,67,330.07462686567163,154.26245453314982,2.139695156962131
e52960d31f8bddf85400259beb4521383f5ceface1080be3429f2f926cc9b5c2,130,643.6384615384616,252.42912192857847,2.549778950308953
e5384c905e9879cb6e8ff5250fb03155bc1db035d8dde458eece9078b7de8ff1,28,1607.4285714285713,714.2067242038255,2.2506488905162305
e5a6c5e01e6a4ef676a2d975374e995dd55792ea317a8e110bebc37da83a4ce8,26,419.1923076923077,219.03635441682508,1.9138024316026865
e5a7b8a9924b26b3abf039255a8a3bb00258f4966f68ff3349560b4350af9367,20,1471.0,1039.8532107946776,1.4146227416808483
e5aeb5b3577abbebe8982b5dd7d22c4257250ad3000661a42f38bf9248d291fd,2,95.5,3.5,27.285714285714285
e5f8ad0f0a43af8ca57e31e16800108abdfb44a7e962a71d246f72d2dbde42bf,6,198.83333333333334,72.75625211775427,2.732869376112534
e66a97b2c77f3d66a7d3cebbc6a36c8c6259368a397f7b67647ed80ad53aa776,11,179.1818181818182,91.26466824254328,1.9633207640182062
e66f25e175abab08ecb4e5f6859db64a211e0ddffb262d7e727b9d9bd4aad2d2,11,144.27272727272728,66.38878726396624,2.1731490093212473
e7a3a7c99483c243742b6cfa74e81cd48f126dcef004016ad0151df6c16a6243,150,564.46,183.37475762310726,3.0781772110649093
e81c758e1ca177b0942ecad62cf8d321ffc315376135bcbed3df932a6e5b40c0,47,442.2340425531915,340.3611481669582,1.2993082346057352
e856511ac1c34d24320eb7c56c05a4a3340d06667b4f5b8e8df615d415c7f650,27,93.55555555555556,41.448167839893124,2.25716986856799
e9b8ad127f2163438b6236c74938f43d7b4863aaf39a16367f4af59bfd96597b,12,104.75,44.27965108263614,2.3656464637562773
ea00f5a91ca75e745d675201cc62d7db266f8e2787033e15a7dd5f1cc5c0ad72,40,120.7,29.683497098556295,4.066232479254287
ea94ba4b01d1bd5f7768d10e0ac547743791033df545c71fcec442d0cb5cb5e7,42,581.3809523809524,625.3521656360996,0.9296856784522042
ead9464a50a17f74bf1b6471d94ecce8d887cf518c8fedc6c6048eb948bc4e49,6,183.16666666666666,54.9284888640575,3.3346387358295217
eb1df8ed879d04b36980b0958a0e8fc446ad08c0bdcf3b5f42e3db023187c7e5,59,464.1694915254237,301.6742070592482,1.5386449376968505
eb96fc6cbf6880bf05c4309857ae33844a4bc2152e228eff31024e5265cf9fc3,8,194.5,66.2514150792268,2.935786349127895
ebc18868864ad075548cc1784f4f9a237bb98335f9645ee727dac8332a3e3716,19,1566.3157894736842,1009.169593625403,1.5520838116483027
ec031f176dafe0b36547068ce42eab39428ec7995dac1b3ea52d1db79b61fdeb,9,147.0,61.93186219996582,2.373576294627891
ec486143ecfec847c22cd8cbc207d85312bcf38e61c9b9a805e0d12add62da8d,11,75.0909090909091,29.049971195274548,2.5848875575864203
ecb36c90cdd20245d89173c106f3c6a2d124d07bdea0ae202fb1efa49b0cd169,120,669.0,250.75758546186927,2.6679153046069253
ed4b8e0d756836be7acb2e2b7799c473b52424e3092a71d3c6d23558e500dc4c,76,98.6842105263158,44.53804125816012,2.2157285713195836
ed5be4b63e9506ad64660dd92a098ffcc0325195298c13c815a73773f1efc279,42,428.14285714285717,206.67902091667366,2.071535152643628
ed8c31b001a0c23c33402f94a5ee6b0209e0c6419eb52d5d02255513e3a672fc,91,72.46153846153847,31.16186303036527,2.3253275451127315
edd36ed822e7ed760ff73e0524df22aa5bf5c565efcdc6c39603239c0896e7a8,49,364.38775510204084,153.7913795421936,2.3693639798716344
ee927e8255096971ddae1bd975cf80c4ad7c847c82d0b5f5dd2ddfe5407007ee,65,64.49230769230769,27.668990183081842,2.3308515152006306
eeb142344e9de3250ab748f93940bf06be70d5078337680998468a134a101698,50,83.74,33.66411145418813,2.4875155286352273
ef3ef194e5657fda708ecbd3eb6530286ed2ba23c88efb9f1715298975c73548,75,366.16,213.7776439824021,1.712807724787826
ef6634efb46567d87b811be786b18c4cd0e2cda23d79b65d6afe0d259ef3ade6,32,399.125,153.98067045898975,2.592046123778247
f01a9742c43a69f087700a43893f713878e537bae8e44f76b957f09519601ad6,28,1622.2857142857142,543.6357010997384,2.984141238340196
f0a75e0322f11cead4219aa530673fe5eef67580fb6fccc254963c9fc6b58aa1,12,167.91666666666666,54.45557567616215,3.0835532373257406
f0c9f135c62572f3669a75b2c735e4477dc77fac85e653426ee2b3bcfbed7aaf,24,1412.5416666666667,999.777932808359,1.4128554155009818
f113626a04125d97b27f21b45a0ce9a686d73dee7b5dbc0725d49194ba0203bd,24,1765.0,787.843258522912,2.2402933336119553
f20eb4592e7d3cf58d421a9c34832d33adcdcbd0e17b7bf009a013847608da27,30,154.83333333333334,80.68130032555389,1.9190733504364896
f26f4c2c70c38fe12e00d5a814d5116691f2ca548908126923fd76ddd665ed24,52,397.4423076923077,196.4572192088902,2.023047609513972
f29fd9c52e04403cd2c7d43b6fe2479292e53b2f61969d25256d2d2aca7c6a81,199,254.24120603015075,129.0279939652097,1.9704344632274353
f35ab34528e3e2d2589d24cbffc0e10024dfc474a68585d0b5feb7b05aa0067f,9,177.44444444444446,34.01996508950822,5.215891432503805
f43169e3d8b4f71e687945b9e72cbfdfe2e40e68842568e6a30c60d64c1378b6,18,148.77777777777777,69.78901183452525,2.1318223867467925
f487cc82271cf84b4414552aa8b0a9d82d902451ebe8e8bc639d4121c1672ff7,47,277.97872340425533,107.04433151273636,2.5968560826705787
f4b7c24baf69b8752c49d0eb5db4b7b5e1524945d48e54925bff401d5658045d,9,571.3333333333334,472.02071517631043,1.2103988553127958
f4c4db3df4ff0de90f44b027fc2e28c16bf7e5c75ea75b0a9762bbb7ac86e7a3,68,118.30882352941177,56.82901530880909,2.0818383511753837
f4faa3a409014db1865074c5f66a0255f71ae3faba03265da0b3b91f68e8a8f0,14,1855.357142857143,653.6506938662551,2.8384535658991767
f534b43bf37ff946a310a0f08315d76c3fb3394681cf523acef7c0682240072a,18,207.27777777777777,116.22335085494058,1.7834434840592666
f67e72b7fe0b1e3648ea745ffd395c80705c89b0c0c48227991fe6f5815b2a18,12,187.08333333333334,78.3469403075548,2.387883082592995
f6863b83d75e5927b30e2e326405b588293283c25aaef2251b30c343296b9cb1,92,250.16304347826087,189.24473900986297,1.3219022351010932
f6b16c885c0b2bc0d0eb2bb2eeb0a2753ebafb5a7a91da10e89b0b0478984637,8,122.5,61.751518199960074,1.9837568949046374
f6cb37ebf29c225284c8415962f7287abe7007fae8fe3d8a3899b608b832d7d5,17,2291.529411764706,1141.4397573780157,2.00757805828364
f728de04267283f0b4daab9a840e7433b2c6034baf195fd526850439c9297687,54,943.7777777777778,529.1328918938517,1.7836309030040551
f73e37957c74f554be132986f38b6f1d75339f636dfe2b681a0cf3f88d2733af,37,335.9189189189189,102.91649156801402,3.263995048810243
f7e5dcfc9c93183c668c5a4ab028d5faad54fb54298711f2caae0508aa978300,26,591.5384615384615,366.91418308847005,1.6121984071567772
f7eaaf420b5204c4a42577428b7cd897a53ef07b759ccbba3ed30a3548ca5605,11,177.0,72.50454531206366,2.441226260204543
f81ca7ee25e733ff37240c34c8e3044d9937bb0166e315952ebde3f237ecb86f,20,171.95,93.7104449888058,1.8349075177323115
f8e74d4006dd68c1dbe68df7be905835e00d8ba4916f3b18884509a15fdc0b55,57,184.49122807017545,145.91010484193023,1.2644170756373698
f93ec5e683d81005ffc2a84a1c0299b2406ad14b764b824e013f7ca3a13833b5,32,142.84375,43.83071794914498,3.2589872282205334
f952cc65376009cfad8249e53b9b2c0daaa3553e897096337d143c625c2df886,151,140.9337748344371,86.22323321096974,1.6345220375766054
f9ac03b0344ce8c48bc058448541f9211a1e5f4c94fdaf633dd534328d8610ab,20,155.0,77.40025839750149,2.002577293785927
f9ea1a1159c33f39bbe5f18bb278d961188b40508277eab7c0b4b91219b37b5d,25,993.36,1361.3259383409986,0.729700339957214
fa73f24532b3667718ede7ac5c2e24ad7d3cae17b0a42ed17bbb81b15c28f4ae,7,77.14285714285714,50.5383265352108,1.5264228642218807
fa751ff3a6332c95cb5cb1d28563553914295e9e7d35c4b6bd267241e8a0787c,43,158.27906976744185,47.92985455093935,3.302306490398891
fadeb0ab092833f27daaeb3e24223eb090f9536b83f68cde8f49df7c544f711b,39,85.7948717948718,51.46429157226247,1.6670757368612523
fc22db33a2495f58f118bc182c0087e140df14ccb8dad51373e1a54381f683de,89,561.3932584269663,190.19898616074076,2.9516101518675932
fc345dac2205deb169bd70197f07f053bada80b61ffa69fdfb490758323ead69,10,126.9,51.26880142932932,2.475189519983675
fc5452f612a0f972fe55cc677055ede662af6723b5c1615ad539b8a4bd279bdb,32,322.34375,133.69896441609973,2.4109666922834
fc9269fb2e651cd4a32b65ae164f79b0a2ea823e0a83508c85d7985a6bed43cf,5,157.2,63.61572132735744,2.471087283457358
fd8065bcb1afdbed19e028465d5d00cd2ecadc4558de05c6fa28bea3c817aa22,52,427.36538461538464,182.30511500125635,2.3442314529268113
fdda64c47361b0d1a146e5b7b48dc6b7de615ea80b31f01227a3b16469589528,30,305.43333333333334,117.43897233125901,2.6007834304935877
fe80a2cf3c93dafad8c364fdd1646b0ba4db056cdb7bdb81474f957064812bba,11,1820.8181818181818,702.769691769232,2.590917341973368
fec226e45f49ab81ab71e0eaa1248ba09b56a328338dce93a43f4044eababed5,13,134.3846153846154,55.58851356383517,2.417488915768445
feffce59a1a3eb0a6a05992bb7423c39c7d52865846da36d89e2a72c379e5398,38,68.57894736842105,28.081302619121917,2.4421569148192694
ff3407842ada5bc18be79ae453e5bdaa1b68afc842fc22fa618ac6e6599d0bb3,19,1681.3684210526317,580.7290527319781,2.895271750470917
ff3e512b5fb860e5855d0c05b6cf5a6bcc7792e4be1f0bdab5a00af0e18435c0,13,152.6153846153846,78.23882418254671,1.9506349463957002
ff599c7301daa1f783924ac8cbe3ce7b42878f15a39c2d19659189951f540f48,24,1666.9166666666667,943.0740920285933,1.7675352135706077
